start_time,end_time,FILE-CREATE,FILE-DELETE,FILE-MODIFY,FILE-READ,FILE-WRITE,FILE-RENAME,PROCESS-CREATE,PROCESS-OPEN,PROCESS-TERMINATE,REGISTRY-ADD,REGISTRY-EDIT,REGISTRY-REMOVE
01:07:35,01:19:20,0.0436,0.012,0.119,0.1474,0.1082,0.0162,0.0019,0.5387,0.0016,0.0012,0.0091,0.0011
01:09:01,01:19:45,0.0431,0.0128,0.1194,0.1525,0.1092,0.0155,0.0019,0.5326,0.0016,0.0012,0.0091,0.0011
01:11:33,01:19:52,0.0452,0.0072,0.1212,0.148,0.109,0.0159,0.0017,0.5391,0.0014,0.0012,0.009,0.0011
01:13:41,01:19:38,0.0425,0.006,0.127,0.1515,0.1156,0.0166,0.0017,0.5266,0.0014,0.0012,0.0088,0.0011
01:14:12,01:21:22,0.0408,0.005,0.1255,0.156,0.1154,0.017,0.0021,0.5252,0.0019,0.0012,0.0088,0.0011
01:15:59,01:22:04,0.0386,0.005,0.1295,0.148,0.1102,0.0161,0.0022,0.5368,0.0019,0.0013,0.0093,0.0011
01:17:30,01:21:53,0.0432,0.0069,0.1317,0.1664,0.1122,0.0175,0.0018,0.5062,0.0014,0.0012,0.0093,0.0022
01:18:45,01:23:13,0.0399,0.0075,0.1263,0.1553,0.1098,0.0175,0.0019,0.5272,0.0017,0.0012,0.0094,0.0023
01:19:04,01:23:29,0.0383,0.0056,0.1276,0.1664,0.106,0.0152,0.0022,0.5238,0.0017,0.0017,0.0099,0.0016
01:19:18,01:23:25,0.0396,0.0066,0.1213,0.157,0.1111,0.0165,0.0017,0.5331,0.0014,0.0012,0.0088,0.0017
01:19:22,01:24:56,0.0417,0.0078,0.1329,0.1526,0.1157,0.0187,0.0018,0.5136,0.0017,0.0012,0.0097,0.0026
01:19:45,01:27:32,0.0429,0.0056,0.1313,0.1468,0.1232,0.0181,0.0017,0.5178,0.0015,0.0012,0.0088,0.0011
01:19:52,01:29:18,0.0425,0.006,0.1286,0.1511,0.1196,0.0172,0.002,0.5202,0.0017,0.0012,0.0088,0.0011
01:19:38,01:30:04,0.0389,0.005,0.1222,0.1457,0.1114,0.0163,0.0017,0.546,0.0014,0.0012,0.0091,0.0011
01:21:22,01:30:15,0.0384,0.022,0.1161,0.1829,0.1056,0.0155,0.0017,0.5049,0.0015,0.0012,0.0091,0.0011
01:22:04,01:30:34,0.038,0.005,0.1151,0.2084,0.1047,0.0151,0.0019,0.4991,0.0016,0.0012,0.0088,0.0011
01:21:53,01:30:42,0.0458,0.0086,0.1188,0.155,0.1086,0.0161,0.0018,0.5325,0.0014,0.0012,0.0091,0.0011
01:23:13,01:31:03,0.0403,0.0166,0.1216,0.1469,0.1107,0.0158,0.0023,0.5323,0.0022,0.0012,0.009,0.0011
01:23:29,01:31:10,0.0382,0.0058,0.1227,0.1539,0.1047,0.0151,0.002,0.5426,0.0016,0.0017,0.01,0.0017
01:23:51,01:32:13,0.0399,0.006,0.1284,0.1497,0.1162,0.016,0.0017,0.5294,0.0014,0.0012,0.009,0.0011
01:24:56,01:32:30,0.0389,0.0062,0.117,0.1536,0.1076,0.0154,0.0023,0.5385,0.002,0.002,0.0148,0.0017
01:27:32,01:33:53,0.0404,0.0056,0.1247,0.1492,0.1161,0.0166,0.0017,0.5324,0.0014,0.0012,0.0096,0.0011
01:29:18,01:35:00,0.0405,0.0068,0.127,0.1489,0.1121,0.0163,0.0023,0.5302,0.002,0.0016,0.0106,0.0017
01:30:04,01:35:37,0.0404,0.0062,0.123,0.1565,0.1134,0.016,0.0018,0.5231,0.0014,0.002,0.0146,0.0016
01:30:15,01:37:01,0.0401,0.005,0.1227,0.147,0.113,0.0165,0.0018,0.5412,0.0015,0.0012,0.0089,0.0011
01:30:34,01:37:22,0.0376,0.0054,0.116,0.1685,0.1054,0.0152,0.0026,0.5354,0.0023,0.0013,0.0092,0.0011
01:30:42,01:38:32,0.04,0.0066,0.1236,0.1453,0.1122,0.0163,0.002,0.5387,0.0018,0.0016,0.0102,0.0017
01:31:03,01:38:49,0.0372,0.005,0.1156,0.2186,0.1062,0.0152,0.0018,0.4878,0.0015,0.0012,0.0088,0.0011
01:31:10,01:39:01,0.0418,0.0074,0.1173,0.1806,0.106,0.0153,0.0019,0.5171,0.0015,0.0012,0.0088,0.0011
01:32:13,01:39:09,0.0448,0.0122,0.1214,0.1464,0.1107,0.0162,0.0019,0.5334,0.0016,0.0012,0.0091,0.0011
01:32:30,01:39:07,0.0381,0.0114,0.116,0.1789,0.1055,0.015,0.0018,0.5204,0.0016,0.0012,0.009,0.0011
01:33:53,01:39:34,0.0441,0.0082,0.119,0.1585,0.1088,0.016,0.0018,0.5309,0.0014,0.0012,0.009,0.0011
01:35:00,01:39:23,0.0445,0.0196,0.1232,0.1461,0.1122,0.0156,0.0021,0.5233,0.002,0.0012,0.0091,0.0011
01:35:37,01:40:04,0.0381,0.005,0.1163,0.1784,0.1054,0.0153,0.0017,0.5272,0.0014,0.0012,0.0089,0.0011
01:37:01,01:40:19,0.0417,0.0074,0.1173,0.1898,0.1066,0.0153,0.0019,0.5074,0.0015,0.0012,0.0088,0.0011
01:37:24,01:40:26,0.046,0.0069,0.1241,0.1508,0.1113,0.0165,0.0017,0.53,0.0014,0.0012,0.009,0.0011
01:38:32,01:40:49,0.0404,0.0057,0.1214,0.1524,0.1116,0.0156,0.0021,0.538,0.0017,0.0012,0.0088,0.0011
01:38:49,01:41:54,0.0413,0.005,0.128,0.1495,0.1165,0.0176,0.0017,0.5279,0.0014,0.0012,0.0088,0.0011
01:39:01,01:42:55,0.0392,0.005,0.1253,0.1507,0.1131,0.0163,0.0024,0.5348,0.0021,0.0012,0.0088,0.0011
01:39:09,01:43:50,0.0402,0.0068,0.1241,0.147,0.1145,0.0166,0.0017,0.5366,0.0014,0.0012,0.0088,0.0011
01:39:07,01:44:16,0.039,0.0218,0.1193,0.1474,0.1069,0.0158,0.0021,0.5343,0.002,0.0012,0.0091,0.0011
01:39:34,01:44:06,0.037,0.005,0.1138,0.2301,0.1043,0.015,0.0017,0.4806,0.0014,0.0012,0.0088,0.0011
01:39:23,01:44:42,0.042,0.0074,0.1167,0.1677,0.1059,0.0153,0.0019,0.5305,0.0015,0.0012,0.0088,0.0011
01:40:00,01:44:51,0.0467,0.0071,0.1268,0.1513,0.1104,0.0166,0.0017,0.5267,0.0014,0.0012,0.009,0.0011
01:40:19,01:45:36,0.0411,0.0055,0.1226,0.1481,0.1168,0.0166,0.0017,0.535,0.0014,0.0012,0.0089,0.0011
01:40:26,01:46:03,0.04,0.005,0.1251,0.1502,0.1139,0.0167,0.0021,0.5342,0.0017,0.0012,0.0088,0.0011
01:40:48,01:47:46,0.0403,0.0052,0.1379,0.1509,0.1182,0.0171,0.0021,0.5154,0.0018,0.0012,0.0088,0.0011
01:41:54,01:48:23,0.0399,0.0066,0.127,0.1572,0.1105,0.0158,0.0019,0.5273,0.0015,0.0013,0.0098,0.0012
01:42:55,01:49:08,0.0386,0.0052,0.1266,0.1458,0.1101,0.0157,0.0021,0.5423,0.0017,0.0012,0.0094,0.0013
01:43:50,01:49:33,0.0394,0.0058,0.1233,0.1589,0.1099,0.0154,0.0019,0.5305,0.0015,0.0017,0.01,0.0017
01:44:16,01:50:17,0.0444,0.0063,0.1312,0.1482,0.1159,0.0157,0.0019,0.5207,0.0018,0.0018,0.0104,0.0017
01:44:06,01:51:17,0.0416,0.0057,0.1295,0.1491,0.1133,0.016,0.0023,0.5293,0.002,0.0012,0.0089,0.0011
01:44:42,01:51:12,0.0394,0.0062,0.1237,0.1604,0.11,0.0156,0.0018,0.5275,0.0014,0.0017,0.0106,0.0017
01:44:51,01:53:33,0.0414,0.0054,0.1299,0.1457,0.1185,0.0172,0.0017,0.5274,0.0014,0.0012,0.0091,0.0011
01:45:37,01:56:13,0.0432,0.005,0.1338,0.1479,0.121,0.0182,0.0017,0.5163,0.0014,0.0012,0.0092,0.0011
01:46:03,01:57:10,0.0394,0.005,0.1354,0.1587,0.1098,0.016,0.0018,0.5201,0.0015,0.0018,0.0094,0.0011
01:47:46,01:57:22,0.038,0.005,0.1147,0.1788,0.1049,0.0151,0.0019,0.5289,0.0014,0.0012,0.009,0.0011
01:48:23,01:57:29,0.0386,0.0062,0.1161,0.1449,0.1043,0.0155,0.0017,0.5597,0.0014,0.0012,0.0093,0.0011
01:49:09,01:57:34,0.0377,0.0054,0.1236,0.1502,0.1147,0.0149,0.0017,0.538,0.0015,0.0012,0.0097,0.0014
01:49:33,01:57:25,0.0376,0.005,0.1199,0.1511,0.1074,0.0155,0.0022,0.5483,0.0019,0.0012,0.0088,0.0011
01:50:17,01:57:49,0.0376,0.005,0.1145,0.1424,0.1088,0.0154,0.0017,0.5619,0.0014,0.0012,0.009,0.0011
01:51:19,01:59:02,0.04,0.005,0.1304,0.1498,0.1163,0.017,0.0021,0.5262,0.0021,0.0012,0.0088,0.0011
01:51:12,02:00:18,0.0407,0.0187,0.1256,0.1453,0.1139,0.017,0.0018,0.5241,0.0017,0.0012,0.0089,0.0011
01:53:33,02:00:43,0.0386,0.0099,0.1267,0.1626,0.1079,0.0153,0.0022,0.5213,0.0018,0.0017,0.0103,0.0017
01:56:13,02:01:37,0.0396,0.0052,0.1263,0.1438,0.1137,0.0162,0.0017,0.5406,0.0015,0.0012,0.0091,0.0011
01:57:10,02:02:04,0.0393,0.0062,0.1204,0.1565,0.1109,0.0155,0.0023,0.5321,0.0019,0.0017,0.0112,0.002
01:57:22,02:03:39,0.0407,0.0054,0.1257,0.1458,0.115,0.0168,0.0017,0.5358,0.0014,0.0012,0.0094,0.0011
01:57:29,02:05:25,0.0425,0.0066,0.1296,0.1489,0.1169,0.0174,0.0019,0.5219,0.0016,0.0012,0.0101,0.0014
01:57:34,02:07:01,0.0403,0.005,0.1253,0.1612,0.1151,0.0167,0.0018,0.5219,0.0015,0.0012,0.0089,0.0011
01:57:25,02:07:38,0.0384,0.0054,0.1325,0.155,0.1071,0.0154,0.0029,0.5289,0.0024,0.0013,0.0096,0.0011
01:57:49,02:07:37,0.0389,0.005,0.1195,0.1464,0.1109,0.0157,0.0017,0.5494,0.0014,0.0012,0.0088,0.0011
01:59:02,02:10:41,0.0421,0.005,0.1315,0.1462,0.121,0.0176,0.0017,0.5222,0.0015,0.0012,0.0089,0.0011
02:00:18,02:13:13,0.0425,0.005,0.1344,0.1472,0.1232,0.0178,0.0017,0.5157,0.0014,0.0012,0.0088,0.0011
02:00:43,02:13:49,0.0385,0.005,0.1257,0.179,0.1073,0.0155,0.0025,0.5133,0.002,0.0012,0.0089,0.0011
02:01:37,02:14:17,0.0381,0.0054,0.1166,0.1724,0.1071,0.0154,0.0019,0.5301,0.0019,0.0012,0.0088,0.0011
02:02:07,02:15:17,0.0395,0.005,0.1234,0.1502,0.1136,0.016,0.0025,0.5363,0.002,0.0012,0.0092,0.0011
02:03:39,02:15:58,0.0381,0.005,0.1192,0.155,0.1091,0.0156,0.0021,0.543,0.0018,0.0012,0.0088,0.0011
02:05:27,02:16:19,0.0374,0.005,0.1166,0.2207,0.1052,0.0152,0.0017,0.4857,0.0014,0.0012,0.0088,0.0011
02:07:02,02:16:35,0.0428,0.0074,0.1155,0.1714,0.1066,0.0154,0.0019,0.5264,0.0015,0.0012,0.0088,0.0011
02:07:38,02:16:42,0.046,0.0071,0.1231,0.1525,0.1111,0.0166,0.0017,0.5292,0.0014,0.0012,0.009,0.0011
02:07:37,02:17:07,0.0399,0.0055,0.1296,0.1449,0.1113,0.0157,0.0019,0.5386,0.0014,0.0012,0.0089,0.0011
02:10:41,02:16:57,0.0376,0.005,0.1155,0.1451,0.1089,0.0155,0.0017,0.5579,0.0016,0.0012,0.0089,0.0011
02:13:13,02:18:06,0.0402,0.0214,0.1241,0.1479,0.1112,0.0164,0.0022,0.5229,0.0022,0.0012,0.0092,0.0011
02:13:49,02:18:24,0.0393,0.006,0.133,0.1582,0.1084,0.0154,0.0019,0.5177,0.0014,0.0021,0.015,0.0016
02:14:17,02:19:34,0.0399,0.0052,0.1235,0.1448,0.113,0.0164,0.0018,0.5423,0.0014,0.0012,0.0094,0.0011
02:15:17,02:20:47,0.041,0.007,0.1225,0.1625,0.1143,0.0165,0.0021,0.5181,0.0021,0.0016,0.0106,0.0017
02:15:59,02:21:00,0.0371,0.005,0.1143,0.2126,0.1041,0.0151,0.0018,0.4974,0.0015,0.0012,0.0088,0.0011
02:16:19,02:21:19,0.0432,0.0074,0.1183,0.1723,0.107,0.0157,0.0018,0.5218,0.0014,0.0012,0.0088,0.0011
02:16:35,02:21:27,0.0465,0.0072,0.1245,0.1516,0.1127,0.016,0.0017,0.5271,0.0014,0.0012,0.009,0.0011
02:16:40,02:22:18,0.0406,0.0054,0.1276,0.1491,0.1146,0.0172,0.0017,0.5312,0.0014,0.0012,0.0089,0.0011
02:17:08,02:23:20,0.0403,0.005,0.1269,0.1492,0.115,0.0168,0.0021,0.5319,0.0017,0.0012,0.0088,0.0011
02:16:57,02:24:22,0.0399,0.0058,0.128,0.1489,0.1152,0.017,0.002,0.5304,0.0017,0.0012,0.0088,0.0011
02:18:06,02:25:29,0.0411,0.0062,0.1296,0.1488,0.1174,0.0171,0.0021,0.5246,0.0019,0.0012,0.0089,0.0011
02:18:24,02:26:44,0.0406,0.005,0.1276,0.1484,0.1174,0.0173,0.002,0.5288,0.0017,0.0012,0.0089,0.0011
02:19:34,02:27:54,0.0401,0.005,0.1273,0.1486,0.1169,0.017,0.0018,0.5308,0.0014,0.0012,0.0088,0.0011
02:20:50,02:28:13,0.0374,0.005,0.1151,0.1447,0.1061,0.0153,0.002,0.5614,0.0018,0.0012,0.0089,0.0011
02:21:01,02:28:29,0.038,0.022,0.1162,0.1879,0.1063,0.0154,0.0017,0.4997,0.0015,0.0012,0.009,0.0011
02:21:19,02:28:41,0.0378,0.005,0.1148,0.2092,0.105,0.0151,0.0019,0.4985,0.0016,0.0012,0.0088,0.0011
02:21:27,02:28:56,0.0459,0.0082,0.1212,0.1549,0.1089,0.0161,0.0017,0.5306,0.0014,0.0012,0.0088,0.0011
02:22:18,02:28:44,0.0438,0.0067,0.1243,0.1465,0.1109,0.0161,0.0019,0.537,0.0015,0.0012,0.009,0.0011
02:23:20,02:29:59,0.0407,0.0051,0.1255,0.1489,0.1147,0.017,0.0019,0.5334,0.0016,0.0012,0.0089,0.0011
02:24:22,02:31:04,0.0402,0.005,0.1259,0.1495,0.1165,0.0169,0.0021,0.5309,0.0018,0.0012,0.0089,0.0011
02:25:29,02:31:16,0.0377,0.0218,0.1278,0.1441,0.1055,0.015,0.0017,0.5335,0.0015,0.0012,0.0091,0.0011
02:26:44,02:31:37,0.0422,0.0074,0.1279,0.1697,0.1071,0.0155,0.002,0.5155,0.0016,0.0012,0.0088,0.0011
02:27:54,02:31:42,0.047,0.0068,0.1241,0.148,0.1102,0.0165,0.0017,0.533,0.0014,0.0012,0.009,0.0011
02:28:13,02:32:01,0.0389,0.0203,0.1229,0.157,0.112,0.0152,0.002,0.5186,0.0016,0.0012,0.0092,0.0011
02:28:26,02:32:05,0.0373,0.0054,0.1473,0.1561,0.1052,0.0151,0.0019,0.517,0.0028,0.0014,0.0094,0.0011
02:28:43,02:31:33,0.0455,0.0168,0.1233,0.1482,0.1049,0.0149,0.0018,0.5318,0.0017,0.0012,0.0088,0.0011
02:28:56,02:32:09,0.039,0.0144,0.1422,0.1547,0.1078,0.015,0.002,0.5118,0.002,0.0012,0.0088,0.0011
02:28:44,02:32:14,0.037,0.005,0.1296,0.1585,0.1048,0.0149,0.0032,0.5345,0.0014,0.0012,0.0088,0.0011
02:29:59,02:32:16,0.0379,0.0064,0.136,0.1452,0.1028,0.0148,0.0018,0.5425,0.0015,0.0012,0.0088,0.0011
02:31:04,02:32:20,0.0391,0.012,0.1281,0.1581,0.1034,0.015,0.0021,0.5295,0.0016,0.0012,0.0088,0.0011
02:31:16,02:32:25,0.0376,0.0054,0.1214,0.1463,0.1029,0.015,0.0017,0.5572,0.0014,0.0012,0.0088,0.0011
02:31:37,02:32:28,0.0365,0.0053,0.1128,0.1653,0.1061,0.0148,0.0023,0.5444,0.0014,0.0012,0.0088,0.0011
02:31:40,02:32:31,0.0367,0.005,0.1464,0.163,0.1033,0.0149,0.0017,0.5165,0.0014,0.0012,0.0088,0.0011
02:32:01,02:32:37,0.0365,0.005,0.1123,0.143,0.1024,0.0148,0.0017,0.5717,0.0015,0.0012,0.0088,0.0011
02:32:05,02:32:43,0.0369,0.005,0.1306,0.1608,0.1043,0.0149,0.0019,0.533,0.0015,0.0012,0.0088,0.0011
02:31:33,02:32:49,0.0389,0.0051,0.1213,0.1637,0.1082,0.0149,0.0018,0.5114,0.0014,0.0099,0.0195,0.0039
02:32:09,02:32:54,0.0382,0.0051,0.1293,0.1573,0.1045,0.0148,0.002,0.536,0.0016,0.0012,0.0089,0.0011
02:32:14,02:32:59,0.0375,0.0056,0.1486,0.1643,0.1046,0.0149,0.0023,0.5092,0.0017,0.0012,0.009,0.0011
02:32:16,02:32:02,0.0369,0.005,0.139,0.1587,0.1053,0.0149,0.0023,0.525,0.0018,0.0012,0.0088,0.0011
02:32:20,02:33:05,0.0366,0.005,0.1197,0.1414,0.1024,0.0148,0.0043,0.5513,0.0045,0.004,0.0147,0.0013
02:32:25,02:32:09,0.0403,0.0059,0.1179,0.1675,0.1088,0.0148,0.0022,0.524,0.002,0.0025,0.0125,0.0016
02:32:28,02:33:14,0.0385,0.0061,0.1139,0.1627,0.1086,0.0149,0.0024,0.5393,0.0021,0.0012,0.0092,0.0011
02:32:31,02:33:14,0.0373,0.0058,0.1131,0.1849,0.1052,0.0149,0.002,0.5228,0.002,0.0015,0.0093,0.0012
02:32:37,02:32:50,0.0373,0.005,0.1153,0.1998,0.1055,0.015,0.0017,0.5079,0.0014,0.0012,0.0088,0.0011
02:32:43,02:32:57,0.0372,0.0052,0.115,0.1823,0.1052,0.0151,0.0017,0.5256,0.0014,0.0012,0.009,0.0011
02:32:49,02:33:05,0.0368,0.005,0.1126,0.1413,0.1037,0.0149,0.0018,0.5712,0.0016,0.0012,0.0088,0.0011
02:32:54,02:33:46,0.0378,0.0051,0.1153,0.1653,0.105,0.0152,0.002,0.5414,0.0016,0.0012,0.009,0.0011
02:32:59,02:33:58,0.0373,0.005,0.1137,0.1941,0.1034,0.015,0.0017,0.5173,0.0014,0.0012,0.0088,0.0011
02:32:02,02:34:10,0.0403,0.0062,0.116,0.1812,0.1055,0.0153,0.0019,0.521,0.0015,0.0012,0.0088,0.0011
02:33:05,02:34:20,0.0477,0.0084,0.1232,0.1466,0.1088,0.0164,0.0017,0.5345,0.0014,0.0012,0.009,0.0011
02:32:09,02:34:39,0.0388,0.0056,0.1202,0.1553,0.1127,0.0156,0.0017,0.5372,0.0014,0.0012,0.0092,0.0011
02:33:14,02:35:32,0.0424,0.0059,0.1277,0.1574,0.1203,0.017,0.0018,0.5147,0.0016,0.0012,0.0089,0.0011
02:33:16,02:37:01,0.0404,0.005,0.1237,0.1524,0.115,0.0166,0.0018,0.5322,0.0017,0.0012,0.0089,0.0011
02:32:50,02:37:30,0.0384,0.0056,0.1275,0.17,0.1085,0.0154,0.0028,0.5172,0.0025,0.0013,0.0097,0.0011
02:32:57,02:37:16,0.0391,0.0066,0.118,0.1433,0.11,0.0156,0.0017,0.553,0.0015,0.0012,0.0089,0.0011
02:33:05,02:39:30,0.0406,0.005,0.1389,0.1502,0.1149,0.0167,0.0019,0.5191,0.0016,0.0012,0.0088,0.0011
02:33:46,02:39:37,0.0372,0.005,0.1255,0.1787,0.1042,0.0149,0.002,0.5193,0.0014,0.0012,0.0095,0.0011
02:33:56,02:39:54,0.0386,0.005,0.1221,0.1604,0.107,0.0153,0.0021,0.5341,0.002,0.0015,0.0107,0.0012
02:34:10,02:39:29,0.0385,0.0058,0.124,0.1571,0.1108,0.0153,0.0018,0.5324,0.0014,0.0016,0.0097,0.0016
02:34:20,02:40:45,0.0377,0.005,0.125,0.1453,0.1075,0.0154,0.0017,0.5497,0.0014,0.0012,0.009,0.0011
02:34:39,02:40:49,0.0462,0.0143,0.1283,0.1566,0.11,0.0149,0.0021,0.5138,0.0016,0.0013,0.0098,0.0011
02:35:32,02:41:15,0.0394,0.0253,0.1215,0.1515,0.1094,0.0156,0.0021,0.5194,0.0021,0.0016,0.0104,0.0017
02:37:01,02:42:09,0.0384,0.005,0.1209,0.1599,0.1103,0.0158,0.0021,0.5347,0.0018,0.0012,0.0088,0.0011
02:37:30,02:42:23,0.0376,0.005,0.1141,0.2124,0.1043,0.015,0.0019,0.4971,0.0015,0.0012,0.0088,0.0011
02:37:16,02:42:33,0.0429,0.0074,0.1173,0.1775,0.1079,0.0157,0.0017,0.5171,0.0014,0.0012,0.0088,0.0011
02:39:30,02:42:43,0.0465,0.0071,0.1267,0.1498,0.1126,0.0163,0.0017,0.5266,0.0014,0.0012,0.009,0.0011
02:39:37,02:43:28,0.0411,0.0055,0.1282,0.1498,0.117,0.0169,0.0018,0.5268,0.0016,0.0012,0.009,0.0011
02:39:54,02:44:19,0.0393,0.005,0.1247,0.1507,0.1132,0.0164,0.0021,0.5356,0.0018,0.0012,0.0089,0.0011
02:39:29,02:45:35,0.0408,0.0059,0.1303,0.1492,0.1189,0.0174,0.0021,0.5224,0.0018,0.0012,0.0089,0.0011
02:40:45,02:46:27,0.0409,0.0158,0.1227,0.1454,0.112,0.0166,0.0017,0.5321,0.0016,0.0012,0.0089,0.0011
02:40:49,02:47:16,0.0387,0.0119,0.1387,0.1486,0.1096,0.0158,0.0023,0.5209,0.0017,0.0012,0.0095,0.0011
02:41:15,02:48:01,0.0391,0.005,0.1187,0.1525,0.1104,0.023,0.0017,0.5368,0.0014,0.0012,0.0091,0.0011
02:42:05,02:49:47,0.0421,0.0058,0.1322,0.1463,0.1194,0.0171,0.0019,0.5223,0.0016,0.0012,0.009,0.0011
02:42:23,02:51:01,0.0399,0.005,0.1255,0.1579,0.1141,0.0162,0.0021,0.5261,0.0021,0.0012,0.0088,0.0011
02:42:34,02:51:41,0.0383,0.005,0.1216,0.171,0.1086,0.0157,0.0023,0.5244,0.002,0.0012,0.0088,0.0011
02:42:43,02:52:00,0.0374,0.005,0.1161,0.2148,0.1053,0.0152,0.002,0.4912,0.0017,0.0012,0.009,0.0011
02:43:28,02:52:15,0.0375,0.005,0.1136,0.1689,0.1037,0.015,0.0019,0.5418,0.0015,0.0012,0.0088,0.0011
02:44:19,02:52:28,0.0439,0.0079,0.1193,0.1638,0.1101,0.016,0.0019,0.5244,0.0014,0.0012,0.009,0.0011
02:45:35,02:52:14,0.0412,0.0155,0.1183,0.1676,0.1061,0.0154,0.0017,0.5211,0.0017,0.0012,0.0091,0.0011
02:46:27,02:52:50,0.0376,0.005,0.1145,0.1968,0.1053,0.015,0.0019,0.5113,0.0015,0.0012,0.0088,0.0011
02:47:16,02:52:59,0.0443,0.0079,0.1188,0.1602,0.1073,0.0162,0.0017,0.5309,0.0014,0.0012,0.009,0.0011
02:48:01,02:52:46,0.0449,0.0067,0.1264,0.1517,0.1152,0.0159,0.0017,0.525,0.0014,0.0012,0.0088,0.0011
02:49:48,02:53:49,0.0412,0.0054,0.1237,0.1485,0.1135,0.0171,0.0021,0.5357,0.0017,0.0012,0.0088,0.0011
02:51:02,02:55:21,0.0407,0.005,0.13,0.1525,0.1179,0.0173,0.0021,0.5215,0.0019,0.0012,0.0088,0.0011
02:51:41,02:56:15,0.0403,0.0068,0.128,0.1473,0.1146,0.0166,0.0017,0.5322,0.0014,0.0012,0.0088,0.0011
02:52:03,02:56:23,0.0376,0.0218,0.1147,0.1415,0.1039,0.0151,0.0017,0.551,0.0015,0.0012,0.0089,0.0011
02:52:14,02:56:51,0.0378,0.005,0.1181,0.2037,0.1065,0.0154,0.002,0.4983,0.0018,0.0012,0.0091,0.0011
02:52:28,02:57:03,0.0377,0.005,0.1245,0.1922,0.1041,0.0151,0.002,0.5066,0.0015,0.0012,0.009,0.0011
02:52:14,02:57:16,0.045,0.0082,0.1183,0.1541,0.1096,0.0159,0.0017,0.5345,0.0014,0.0012,0.009,0.0011
02:52:51,02:57:03,0.0451,0.0067,0.1259,0.1498,0.1144,0.0161,0.0017,0.5274,0.0014,0.0013,0.0091,0.0011
02:52:59,02:58:05,0.0401,0.0053,0.1235,0.1443,0.1115,0.0167,0.0018,0.5441,0.0014,0.0012,0.009,0.0011
02:52:46,02:58:52,0.0386,0.0054,0.1206,0.1591,0.1104,0.0159,0.0026,0.5343,0.002,0.0012,0.0088,0.0011
02:53:49,02:59:15,0.0376,0.0052,0.1167,0.152,0.1068,0.0152,0.0017,0.5519,0.0016,0.0012,0.009,0.0011
02:55:21,02:59:43,0.0386,0.0054,0.1205,0.1572,0.1082,0.0157,0.0027,0.538,0.0024,0.0012,0.009,0.0011
02:56:15,03:00:47,0.0386,0.0054,0.1199,0.1542,0.1108,0.0158,0.0018,0.5408,0.0015,0.0012,0.0089,0.0011
02:56:24,03:01:11,0.0387,0.0056,0.1281,0.1525,0.1055,0.0153,0.0024,0.5317,0.0022,0.0018,0.0146,0.0016
02:56:52,03:01:04,0.0396,0.0057,0.1235,0.1537,0.1148,0.0162,0.0017,0.5309,0.0014,0.0014,0.01,0.0011
02:57:04,03:03:08,0.0404,0.0063,0.1248,0.1478,0.1137,0.0166,0.0019,0.5326,0.0018,0.0016,0.0108,0.0017
02:57:16,03:04:08,0.0397,0.005,0.129,0.1492,0.1152,0.0168,0.002,0.5302,0.0016,0.0012,0.009,0.0011
02:57:03,03:05:26,0.0409,0.0056,0.1293,0.1524,0.1164,0.0168,0.0019,0.5239,0.0016,0.0012,0.0089,0.0011
02:58:07,03:07:05,0.0413,0.0066,0.1253,0.1498,0.1153,0.0167,0.0018,0.5306,0.0014,0.0012,0.0089,0.0011
02:58:52,03:07:21,0.0377,0.0054,0.1161,0.1661,0.1063,0.0153,0.0026,0.5366,0.0023,0.0013,0.0092,0.0011
02:59:15,03:09:08,0.0412,0.005,0.1278,0.1465,0.1178,0.017,0.0018,0.5302,0.0015,0.0012,0.0089,0.0011
02:59:43,03:11:06,0.0419,0.005,0.1319,0.1587,0.119,0.0173,0.0018,0.5114,0.0015,0.0012,0.0092,0.0011
03:00:47,03:11:52,0.0382,0.005,0.1179,0.1962,0.1084,0.0157,0.0021,0.5037,0.0016,0.0012,0.0089,0.0011
03:01:11,03:12:18,0.0387,0.0052,0.1222,0.1791,0.108,0.0153,0.0018,0.5116,0.0014,0.0062,0.0088,0.0017
03:01:04,03:12:10,0.0368,0.005,0.1125,0.1572,0.1037,0.0148,0.0017,0.4923,0.0014,0.0492,0.0088,0.0166
03:03:05,03:12:37,0.0369,0.0052,0.1146,0.1806,0.1063,0.0151,0.0019,0.4889,0.0014,0.0012,0.0094,0.0385
03:04:08,03:12:53,0.0373,0.005,0.1207,0.19,0.1045,0.0151,0.0021,0.512,0.0017,0.0013,0.0091,0.0012
03:05:27,03:12:36,0.0381,0.005,0.1153,0.174,0.1056,0.0151,0.0018,0.5162,0.002,0.0088,0.0095,0.0086
03:07:05,03:13:58,0.0393,0.005,0.1218,0.1589,0.113,0.0159,0.0018,0.5311,0.0015,0.0012,0.0093,0.0012
03:07:21,03:16:14,0.0418,0.005,0.1304,0.153,0.1192,0.0174,0.0017,0.5189,0.0014,0.0012,0.0089,0.0011
03:09:08,03:17:51,0.0404,0.005,0.1335,0.1458,0.1146,0.0168,0.0019,0.5293,0.0015,0.0012,0.0089,0.0011
03:11:07,03:19:12,0.0403,0.005,0.131,0.1438,0.113,0.0164,0.0018,0.5358,0.0017,0.0012,0.0089,0.0011
03:11:52,03:20:59,0.0417,0.0056,0.1312,0.1467,0.116,0.017,0.0019,0.5273,0.0014,0.0012,0.0089,0.0011
03:12:18,03:23:15,0.0419,0.0056,0.1326,0.1503,0.1217,0.0175,0.0017,0.5157,0.0014,0.0012,0.0092,0.0012
03:12:10,03:25:44,0.0425,0.005,0.1317,0.1494,0.1214,0.0177,0.0018,0.5177,0.0017,0.0012,0.0088,0.0011
03:12:37,03:27:52,0.0422,0.005,0.13,0.149,0.1203,0.0174,0.0018,0.5217,0.0015,0.0012,0.0088,0.0011
03:12:53,03:28:14,0.0381,0.005,0.1369,0.1536,0.1049,0.0154,0.0024,0.5285,0.0018,0.0013,0.0109,0.0012
03:12:36,03:28:45,0.0413,0.0077,0.1263,0.171,0.1118,0.0173,0.0017,0.5081,0.0014,0.0017,0.0093,0.0024
03:13:56,03:28:15,0.0391,0.0065,0.1222,0.1567,0.1073,0.0167,0.0017,0.5363,0.0014,0.0012,0.009,0.0019
03:16:14,03:30:10,0.0402,0.006,0.1288,0.1536,0.1138,0.0174,0.0021,0.5237,0.002,0.0012,0.0096,0.0016
03:17:51,03:31:28,0.0401,0.005,0.1283,0.152,0.1167,0.0171,0.0022,0.5257,0.0018,0.0012,0.0088,0.0011
03:19:12,03:31:45,0.0377,0.005,0.1272,0.1666,0.1047,0.0152,0.0021,0.5276,0.0017,0.0013,0.0097,0.0012
03:21:06,03:31:28,0.0426,0.0087,0.1335,0.1528,0.1155,0.0187,0.0017,0.5111,0.0015,0.0016,0.0094,0.0029
03:23:15,03:32:54,0.0385,0.0061,0.1215,0.148,0.1087,0.0161,0.0021,0.5448,0.0019,0.0012,0.0094,0.0017
03:25:44,03:34:07,0.0404,0.005,0.1282,0.1489,0.1167,0.0173,0.002,0.5284,0.0017,0.0012,0.0091,0.0011
03:27:54,03:34:33,0.0377,0.005,0.117,0.1431,0.1068,0.0155,0.0018,0.5604,0.0016,0.0012,0.0088,0.0011
03:28:12,03:34:43,0.037,0.005,0.1164,0.1425,0.1048,0.015,0.0018,0.5648,0.0015,0.0012,0.0089,0.0011
03:28:45,03:35:55,0.0411,0.0056,0.1297,0.1498,0.1166,0.0172,0.0021,0.5251,0.0017,0.0012,0.0088,0.0011
03:28:15,03:36:11,0.0372,0.005,0.113,0.1418,0.1043,0.0153,0.0017,0.5692,0.0014,0.0012,0.0088,0.0011
03:30:10,03:37:02,0.0391,0.005,0.1231,0.1551,0.1101,0.0163,0.0022,0.536,0.0019,0.0012,0.0089,0.0011
03:31:28,03:37:27,0.0376,0.0054,0.1167,0.1655,0.107,0.0152,0.003,0.5353,0.0027,0.0013,0.0092,0.0011
03:31:45,03:38:00,0.0383,0.005,0.1208,0.1459,0.1094,0.0159,0.0017,0.5505,0.0014,0.0012,0.0088,0.0011
03:31:28,03:38:50,0.0406,0.0172,0.1273,0.1481,0.113,0.017,0.0018,0.5217,0.0017,0.0012,0.0093,0.0011
03:32:58,03:39:11,0.0376,0.0104,0.1169,0.2159,0.1054,0.0153,0.0019,0.4839,0.0016,0.0012,0.0088,0.0011
03:34:07,03:39:26,0.042,0.0074,0.116,0.1882,0.1063,0.0153,0.0019,0.5103,0.0015,0.0012,0.0088,0.0011
03:34:33,03:39:36,0.0452,0.0069,0.1247,0.1492,0.112,0.0161,0.0017,0.5315,0.0014,0.0012,0.009,0.0011
03:34:44,03:39:19,0.0418,0.0057,0.126,0.1476,0.1138,0.0169,0.0017,0.534,0.0014,0.0012,0.0088,0.0011
03:35:56,03:40:53,0.0399,0.005,0.1262,0.1503,0.1104,0.0162,0.0022,0.5347,0.0019,0.0013,0.0107,0.0012
03:36:11,03:41:50,0.0402,0.0058,0.1308,0.158,0.1149,0.016,0.0018,0.5182,0.0014,0.0016,0.0097,0.0016
03:37:03,03:40:54,0.0382,0.0056,0.1188,0.149,0.1068,0.0157,0.0021,0.5496,0.0019,0.0012,0.0097,0.0014
03:37:27,03:43:25,0.0404,0.0052,0.1345,0.1478,0.1185,0.017,0.0018,0.5221,0.0016,0.0012,0.0088,0.0011
03:38:01,03:44:21,0.0394,0.005,0.1257,0.1476,0.1134,0.0167,0.0021,0.5372,0.0017,0.0012,0.0089,0.0011
03:38:50,03:45:25,0.0411,0.0066,0.1291,0.1525,0.1172,0.017,0.0021,0.5215,0.0018,0.0012,0.0088,0.0011
03:39:15,03:46:19,0.0397,0.005,0.1251,0.1481,0.1143,0.0169,0.0021,0.5359,0.0018,0.0012,0.0088,0.0011
03:39:26,03:47:36,0.0405,0.005,0.1317,0.1489,0.1178,0.0173,0.0019,0.5242,0.0016,0.0012,0.0088,0.0011
03:39:36,03:47:36,0.0381,0.0056,0.1183,0.1625,0.107,0.0154,0.0024,0.5374,0.0019,0.0012,0.0091,0.0011
03:39:19,03:48:42,0.0385,0.005,0.1255,0.1457,0.1087,0.0156,0.002,0.5463,0.0016,0.0012,0.0088,0.0011
03:40:54,03:49:21,0.0385,0.005,0.122,0.148,0.1093,0.016,0.0022,0.5455,0.0021,0.0012,0.0091,0.0011
03:41:50,03:49:59,0.0393,0.0056,0.1202,0.1455,0.111,0.016,0.0018,0.5479,0.0015,0.0012,0.0089,0.0011
03:40:54,03:50:27,0.0386,0.022,0.1222,0.145,0.1076,0.0157,0.0022,0.5331,0.0022,0.0012,0.0091,0.0011
03:43:27,03:50:50,0.0394,0.0058,0.1229,0.1569,0.11,0.0156,0.0018,0.5328,0.0014,0.0017,0.01,0.0017
03:44:21,03:53:39,0.0434,0.005,0.1322,0.1468,0.1228,0.0181,0.0017,0.5173,0.0014,0.0012,0.009,0.0011
03:45:25,03:54:42,0.0434,0.0066,0.125,0.1479,0.1126,0.0163,0.0021,0.5254,0.0019,0.0019,0.0152,0.0017
03:46:21,03:54:50,0.0369,0.005,0.114,0.2305,0.1056,0.015,0.0017,0.4787,0.0015,0.0012,0.0088,0.0011
03:47:36,03:55:08,0.043,0.0074,0.1185,0.1672,0.1084,0.0155,0.0019,0.5255,0.0015,0.0012,0.0088,0.0011
03:47:36,03:55:18,0.0469,0.0072,0.1266,0.1489,0.1114,0.0165,0.0017,0.5281,0.0014,0.0012,0.009,0.0011
03:48:42,03:56:10,0.0413,0.0054,0.1272,0.146,0.1179,0.017,0.0017,0.531,0.0014,0.0012,0.0088,0.0011
03:49:21,03:57:00,0.0393,0.005,0.1269,0.1473,0.1124,0.0166,0.0021,0.5374,0.0017,0.0012,0.009,0.0011
03:49:59,03:57:04,0.0389,0.005,0.1379,0.1453,0.1091,0.016,0.0018,0.5333,0.0014,0.0012,0.009,0.0011
03:50:27,03:58:21,0.0397,0.0064,0.124,0.1492,0.1133,0.0162,0.0021,0.5361,0.0019,0.0012,0.0088,0.0011
03:50:50,03:59:24,0.0405,0.0054,0.1292,0.1492,0.1155,0.0173,0.0021,0.5278,0.0018,0.0012,0.0089,0.0011
03:53:34,03:59:57,0.038,0.005,0.1162,0.1425,0.1068,0.0157,0.0017,0.5615,0.0014,0.0012,0.0089,0.0011
03:54:43,04:00:14,0.0375,0.005,0.115,0.1424,0.1062,0.0154,0.0018,0.5642,0.0014,0.0012,0.0088,0.0011
03:54:54,04:00:54,0.0379,0.005,0.1151,0.1461,0.1071,0.0155,0.002,0.5584,0.0018,0.0012,0.0088,0.0011
03:55:07,04:01:46,0.0395,0.005,0.1245,0.1456,0.1144,0.0168,0.0017,0.54,0.0014,0.0012,0.0088,0.0011
03:55:18,04:02:20,0.0388,0.022,0.1282,0.148,0.1066,0.0159,0.0022,0.5241,0.0021,0.0013,0.0096,0.0012
03:56:04,04:02:34,0.0397,0.0063,0.1331,0.1753,0.1065,0.0155,0.0018,0.5078,0.0014,0.0016,0.0094,0.0016
03:57:00,04:03:10,0.0406,0.0074,0.1316,0.1466,0.1128,0.018,0.0019,0.5271,0.0014,0.0012,0.009,0.0024
03:57:04,04:03:40,0.0394,0.0065,0.1273,0.1647,0.1084,0.0167,0.0021,0.5202,0.0019,0.0012,0.0097,0.0019
03:58:21,04:03:51,0.037,0.005,0.1141,0.2239,0.1044,0.015,0.0017,0.4857,0.0014,0.0014,0.0091,0.0013
03:59:24,04:04:08,0.0428,0.0074,0.118,0.1678,0.1074,0.0154,0.0019,0.5267,0.0015,0.0012,0.0088,0.0011
03:59:57,04:03:56,0.0426,0.0158,0.1195,0.1475,0.1086,0.0159,0.0019,0.535,0.0018,0.0012,0.0091,0.0011
04:00:14,04:04:33,0.0426,0.0074,0.1183,0.1562,0.1078,0.0154,0.0019,0.5378,0.0014,0.0012,0.0089,0.0011
04:00:54,04:04:23,0.0414,0.0145,0.1189,0.147,0.111,0.0159,0.0021,0.5355,0.0019,0.0012,0.0095,0.0011
04:01:50,04:05:07,0.0415,0.0056,0.1168,0.1498,0.1066,0.0152,0.0019,0.55,0.0015,0.0012,0.0088,0.0011
04:02:20,04:05:14,0.047,0.0084,0.121,0.1496,0.109,0.0164,0.0017,0.5342,0.0014,0.0012,0.009,0.0011
04:02:33,04:05:41,0.0412,0.0063,0.1262,0.1516,0.114,0.0161,0.0021,0.5297,0.0017,0.0012,0.0088,0.0011
04:03:10,04:06:29,0.0395,0.005,0.1265,0.1468,0.1106,0.0163,0.0022,0.5392,0.002,0.0013,0.0094,0.0012
04:03:44,04:06:31,0.0394,0.0058,0.1201,0.1562,0.1097,0.0153,0.0018,0.5377,0.0014,0.0016,0.0094,0.0016
04:03:51,04:07:11,0.0374,0.005,0.1165,0.1591,0.1052,0.0151,0.0026,0.5452,0.0021,0.0012,0.0095,0.0011
04:04:08,04:07:38,0.0441,0.0068,0.1244,0.1557,0.1105,0.0154,0.002,0.5257,0.002,0.0017,0.01,0.0017
04:03:56,04:08:02,0.0379,0.005,0.1504,0.146,0.1097,0.0155,0.0019,0.5209,0.0016,0.0012,0.0088,0.0011
04:04:33,04:08:39,0.0386,0.0052,0.1794,0.1449,0.1103,0.0161,0.0017,0.4913,0.0014,0.0012,0.0088,0.0011
04:04:23,04:08:56,0.0392,0.005,0.1233,0.1545,0.1119,0.0161,0.0023,0.5336,0.0019,0.0013,0.0097,0.0012
04:05:07,04:10:33,0.0392,0.0052,0.1238,0.1472,0.1136,0.0163,0.0021,0.5384,0.002,0.0012,0.0097,0.0013
04:05:14,04:11:44,0.0408,0.0131,0.1274,0.1449,0.116,0.0173,0.0017,0.526,0.0015,0.0012,0.009,0.0011
04:05:41,04:11:54,0.0381,0.0135,0.1188,0.1566,0.1076,0.0154,0.0025,0.534,0.002,0.0012,0.0092,0.0011
04:06:28,04:13:08,0.0387,0.005,0.1207,0.1464,0.1096,0.0159,0.0023,0.5482,0.0021,0.0012,0.0088,0.0011
04:06:31,04:12:59,0.0398,0.0058,0.1192,0.155,0.1108,0.0155,0.0019,0.5369,0.0015,0.0017,0.0102,0.0017
04:07:11,04:13:50,0.0378,0.0052,0.1222,0.1757,0.1044,0.015,0.0025,0.5237,0.0021,0.0012,0.0091,0.0011
04:07:37,04:13:47,0.0383,0.0053,0.1174,0.1822,0.1085,0.0153,0.0018,0.5187,0.0014,0.0012,0.0088,0.0011
04:08:02,04:15:07,0.0466,0.0067,0.1244,0.1449,0.1111,0.016,0.0017,0.5288,0.0016,0.0017,0.0148,0.0017
04:08:40,04:15:43,0.0426,0.0071,0.1245,0.1528,0.1129,0.0158,0.0023,0.5289,0.0019,0.0012,0.0089,0.0011
04:08:56,04:15:53,0.0472,0.0072,0.1233,0.1526,0.1088,0.0166,0.0017,0.5301,0.0014,0.0012,0.0088,0.0011
04:10:33,04:15:32,0.0397,0.0055,0.1232,0.1482,0.1183,0.0162,0.0017,0.5347,0.0014,0.0012,0.0088,0.0011
04:11:44,04:16:59,0.0395,0.0052,0.1179,0.1464,0.1092,0.0161,0.0018,0.5513,0.0014,0.0012,0.0089,0.0011
04:11:54,04:17:09,0.0369,0.005,0.1136,0.1408,0.1035,0.015,0.0017,0.571,0.0014,0.0012,0.0088,0.0011
04:13:04,04:17:20,0.0369,0.005,0.1136,0.1413,0.104,0.015,0.0017,0.57,0.0014,0.0012,0.0088,0.0011
04:12:59,04:17:29,0.0369,0.005,0.1131,0.1411,0.1032,0.015,0.0017,0.5714,0.0014,0.0012,0.0089,0.0011
04:13:50,04:17:39,0.0369,0.005,0.1139,0.1411,0.1041,0.015,0.0017,0.5698,0.0014,0.0012,0.0088,0.0011
04:13:47,04:17:48,0.0369,0.005,0.1226,0.1412,0.1034,0.015,0.0018,0.5616,0.0014,0.0012,0.0088,0.0011
04:15:07,04:17:57,0.0372,0.005,0.1127,0.1422,0.1046,0.0149,0.0017,0.5692,0.0014,0.0012,0.0088,0.0011
04:15:43,04:18:15,0.0379,0.0212,0.1137,0.1425,0.1059,0.0153,0.0017,0.5492,0.0014,0.0012,0.0089,0.0011
04:15:53,04:18:35,0.038,0.005,0.1256,0.1754,0.1064,0.0153,0.0023,0.5187,0.0021,0.0012,0.0089,0.0011
04:15:32,04:18:23,0.0376,0.005,0.1148,0.2146,0.1039,0.0151,0.0019,0.4945,0.0015,0.0012,0.0088,0.0011
04:16:59,04:19:02,0.0424,0.0074,0.1168,0.1582,0.1076,0.0154,0.0017,0.538,0.0014,0.0012,0.0088,0.0011
04:17:09,04:19:18,0.0465,0.0071,0.1274,0.1487,0.1145,0.0166,0.0017,0.525,0.0014,0.0012,0.0088,0.0011
04:17:20,04:20:05,0.0423,0.0061,0.1261,0.1473,0.1141,0.0172,0.0017,0.5326,0.0014,0.0012,0.0089,0.0011
04:17:29,04:20:38,0.0405,0.0219,0.1212,0.1553,0.1074,0.0159,0.0023,0.5221,0.0022,0.0012,0.0089,0.0011
04:17:39,04:20:46,0.0453,0.0085,0.1203,0.1461,0.109,0.0158,0.0017,0.5407,0.0014,0.0012,0.0089,0.0011
04:17:48,04:21:08,0.0432,0.006,0.1256,0.1481,0.1143,0.0161,0.0017,0.5325,0.0014,0.0012,0.0088,0.0011
04:17:57,04:22:12,0.0415,0.005,0.128,0.1485,0.1169,0.0175,0.0022,0.5275,0.0018,0.0012,0.0088,0.0011
04:18:15,04:22:30,0.0423,0.0061,0.135,0.1606,0.1093,0.0166,0.0018,0.5142,0.0014,0.0013,0.0096,0.0018
04:18:37,04:23:13,0.0408,0.0076,0.128,0.1578,0.11,0.0182,0.0017,0.5219,0.0014,0.0012,0.009,0.0024
04:18:23,04:23:50,0.0398,0.0075,0.1261,0.1509,0.1136,0.0163,0.002,0.5299,0.0018,0.0012,0.0095,0.0014
04:19:02,04:24:55,0.0399,0.005,0.1261,0.1499,0.1149,0.0169,0.0022,0.5319,0.002,0.0012,0.0089,0.0011
04:19:18,04:25:28,0.0385,0.0052,0.1197,0.1544,0.1096,0.0156,0.0021,0.5406,0.0017,0.0013,0.01,0.0013
04:20:07,04:25:44,0.0373,0.005,0.1145,0.1415,0.1046,0.0153,0.0017,0.5672,0.0015,0.0012,0.0091,0.0011
04:20:38,04:26:15,0.0382,0.005,0.1182,0.1449,0.1079,0.0158,0.0017,0.5558,0.0014,0.0012,0.0088,0.0011
04:20:46,04:26:40,0.0396,0.0062,0.1259,0.1581,0.1081,0.016,0.0023,0.5283,0.0019,0.0016,0.0102,0.0018
04:21:09,04:27:46,0.0394,0.005,0.1221,0.1492,0.1143,0.0161,0.0017,0.539,0.0014,0.0013,0.0094,0.0011
04:22:12,04:28:14,0.0422,0.023,0.1303,0.1521,0.1055,0.016,0.0021,0.5133,0.0019,0.0021,0.0101,0.0014
04:22:30,04:28:12,0.0423,0.0178,0.1229,0.1492,0.1139,0.0154,0.0019,0.5198,0.0017,0.002,0.011,0.0021
04:23:12,04:29:49,0.0391,0.005,0.1234,0.1486,0.1118,0.0161,0.0025,0.5401,0.0023,0.0012,0.0088,0.0011
04:23:50,04:30:18,0.0398,0.0062,0.1319,0.1592,0.1105,0.0157,0.0018,0.5143,0.0014,0.0018,0.0158,0.0016
04:24:55,04:30:47,0.0413,0.0134,0.1267,0.1445,0.1098,0.0154,0.0019,0.5312,0.0015,0.0024,0.0104,0.0015
04:25:28,04:33:14,0.0426,0.005,0.1312,0.1476,0.1203,0.0178,0.0017,0.5211,0.0014,0.0012,0.009,0.0011
04:25:44,04:34:55,0.0421,0.007,0.133,0.1467,0.118,0.0171,0.0019,0.5186,0.0017,0.0016,0.0106,0.0017
04:26:14,04:35:16,0.0374,0.005,0.1164,0.2134,0.1074,0.0152,0.0019,0.4906,0.0016,0.0012,0.0088,0.0011
04:26:40,04:35:32,0.0405,0.0059,0.1155,0.185,0.1055,0.0152,0.0019,0.5179,0.0015,0.0012,0.0088,0.0011
04:27:45,04:35:40,0.0428,0.0118,0.119,0.1525,0.11,0.0161,0.0018,0.533,0.0016,0.0012,0.0091,0.0011
04:28:14,04:35:58,0.043,0.0115,0.1185,0.1482,0.1076,0.0153,0.002,0.541,0.0016,0.0012,0.009,0.0011
04:28:12,04:36:07,0.0455,0.0085,0.1227,0.1482,0.1089,0.0161,0.0017,0.5359,0.0014,0.0012,0.0088,0.0011
04:29:49,04:36:34,0.0424,0.0058,0.1256,0.1532,0.1153,0.0163,0.0017,0.5272,0.0014,0.0012,0.0088,0.0011
04:30:17,04:37:02,0.0391,0.0201,0.1197,0.1543,0.1084,0.016,0.0022,0.527,0.0019,0.0012,0.009,0.0011
04:30:47,04:37:23,0.039,0.0054,0.1172,0.1668,0.1064,0.0151,0.0028,0.5333,0.0024,0.0013,0.0092,0.0011
04:33:14,04:37:31,0.0439,0.0084,0.1182,0.1505,0.1086,0.0161,0.0017,0.5401,0.0014,0.0012,0.0088,0.0011
04:34:55,04:37:19,0.045,0.0066,0.1276,0.1457,0.113,0.016,0.0017,0.5318,0.0015,0.0012,0.0088,0.0011
04:35:16,04:38:31,0.0406,0.005,0.1214,0.1443,0.1153,0.017,0.0017,0.5422,0.0014,0.0012,0.0088,0.0011
04:35:31,04:38:53,0.0382,0.0095,0.1183,0.1443,0.1062,0.0157,0.002,0.5528,0.0018,0.0012,0.0089,0.0011
04:35:40,04:39:24,0.0431,0.0195,0.1218,0.1529,0.1095,0.0157,0.0019,0.5229,0.0015,0.0012,0.0089,0.0011
04:35:58,04:39:34,0.0435,0.0171,0.1206,0.1461,0.1093,0.0162,0.0019,0.5324,0.0017,0.0012,0.0089,0.0011
04:36:07,04:39:40,0.0368,0.005,0.1591,0.1827,0.1056,0.0149,0.0019,0.4812,0.0017,0.0012,0.0088,0.0011
04:36:34,04:39:34,0.0382,0.0051,0.1342,0.1678,0.1046,0.0151,0.0018,0.5205,0.0015,0.0012,0.0089,0.0011
04:37:02,04:40:08,0.0443,0.0082,0.1213,0.1559,0.1095,0.0162,0.0018,0.5303,0.0014,0.0012,0.0088,0.0011
04:37:23,04:40:32,0.0456,0.0067,0.1268,0.1485,0.115,0.0163,0.0019,0.5266,0.0015,0.0012,0.0088,0.0011
04:37:31,04:40:34,0.0413,0.0051,0.1244,0.1475,0.1125,0.0168,0.0019,0.5378,0.0016,0.0012,0.0088,0.0011
04:37:19,04:42:00,0.0389,0.005,0.1306,0.1477,0.1108,0.0161,0.0022,0.5357,0.0019,0.0012,0.0088,0.0011
04:38:32,04:42:11,0.0391,0.0061,0.128,0.1821,0.1063,0.0154,0.0019,0.5064,0.0014,0.0017,0.0099,0.0017
04:38:53,04:42:46,0.041,0.0076,0.1278,0.1458,0.1112,0.0182,0.0017,0.5327,0.0014,0.0012,0.009,0.0024
04:39:24,04:43:27,0.0405,0.0085,0.1261,0.148,0.1124,0.0171,0.0022,0.5298,0.002,0.0013,0.01,0.0021
04:39:34,04:43:56,0.0398,0.0058,0.1218,0.1552,0.111,0.0155,0.0018,0.5349,0.0014,0.0016,0.0096,0.0016
04:39:40,04:44:47,0.0399,0.0232,0.1254,0.1578,0.1113,0.0162,0.0021,0.5085,0.0021,0.0016,0.0102,0.0017
04:39:34,04:45:05,0.0374,0.005,0.1143,0.2207,0.105,0.0151,0.0019,0.4879,0.0015,0.0012,0.0089,0.0011
04:40:08,04:45:11,0.0418,0.0074,0.1169,0.1695,0.1069,0.0152,0.0017,0.5281,0.0014,0.0012,0.0088,0.0011
04:40:32,04:45:18,0.0477,0.0133,0.1216,0.1459,0.1077,0.0162,0.0019,0.5329,0.0016,0.0012,0.0089,0.0011
04:40:34,04:45:25,0.037,0.0131,0.1171,0.1971,0.1077,0.015,0.0017,0.4988,0.0014,0.0012,0.0088,0.0011
04:42:00,04:45:43,0.0394,0.0056,0.1157,0.1749,0.1065,0.0151,0.0019,0.5282,0.0016,0.0012,0.0088,0.0011
04:42:07,04:45:49,0.0465,0.0082,0.1192,0.1501,0.1094,0.016,0.0017,0.5364,0.0014,0.0012,0.0088,0.0011
04:42:47,04:46:31,0.0426,0.006,0.1304,0.155,0.1185,0.017,0.0018,0.516,0.0016,0.0012,0.0088,0.0011
04:43:27,04:46:39,0.0398,0.0052,0.1211,0.1523,0.1087,0.016,0.0024,0.5415,0.0019,0.0012,0.0088,0.0011
04:43:57,04:47:14,0.0393,0.0216,0.1242,0.1457,0.1077,0.0158,0.0021,0.5301,0.0021,0.0012,0.0091,0.0011
04:44:48,04:48:05,0.0374,0.005,0.1158,0.2082,0.1062,0.0152,0.002,0.4974,0.0017,0.0012,0.0088,0.0011
04:45:05,04:48:21,0.0383,0.0053,0.1146,0.1873,0.1055,0.0151,0.0019,0.5194,0.0015,0.0012,0.0088,0.0011
04:45:11,04:48:29,0.0443,0.008,0.1268,0.1498,0.1076,0.0163,0.0019,0.5327,0.0014,0.0012,0.0089,0.0011
04:45:18,04:48:17,0.0413,0.0166,0.1183,0.1862,0.1099,0.0151,0.0019,0.4979,0.0017,0.0012,0.0088,0.0011
04:45:29,04:48:51,0.0374,0.0051,0.1138,0.1677,0.103,0.015,0.002,0.5434,0.0015,0.0012,0.0088,0.0011
04:45:43,04:49:04,0.0438,0.0074,0.1192,0.1696,0.109,0.0157,0.0017,0.5211,0.0014,0.0012,0.0088,0.0011
04:45:46,04:48:53,0.0465,0.0072,0.1231,0.1517,0.1109,0.0163,0.0017,0.5301,0.0014,0.0012,0.0088,0.0011
04:46:31,04:50:07,0.0412,0.006,0.1242,0.1493,0.1165,0.0168,0.0021,0.5309,0.0018,0.0012,0.0089,0.0011
04:46:39,04:50:25,0.0397,0.005,0.1273,0.1501,0.1155,0.0167,0.0021,0.5305,0.0019,0.0012,0.0089,0.0011
04:47:14,04:51:34,0.0382,0.0216,0.1168,0.1451,0.1058,0.0153,0.0017,0.5428,0.0015,0.0012,0.0089,0.0011
04:48:08,04:51:47,0.0371,0.005,0.1148,0.2309,0.1046,0.0151,0.0017,0.4783,0.0014,0.0012,0.0088,0.0011
04:48:21,04:52:04,0.0433,0.0074,0.1186,0.165,0.1069,0.0156,0.0019,0.5286,0.0016,0.0012,0.0088,0.0011
04:48:29,04:52:12,0.0463,0.0072,0.1262,0.1485,0.1106,0.0164,0.0019,0.5304,0.0014,0.0012,0.0088,0.0011
04:48:17,04:52:53,0.0398,0.0054,0.1229,0.1479,0.1156,0.0164,0.0019,0.5373,0.0017,0.0012,0.0088,0.0011
04:48:51,04:53:43,0.0409,0.0218,0.1241,0.1457,0.1118,0.0166,0.0021,0.5238,0.002,0.0012,0.0089,0.0011
04:49:05,04:54:18,0.0413,0.005,0.1327,0.1568,0.1111,0.0155,0.0019,0.5219,0.0015,0.0013,0.0098,0.0012
04:48:53,04:55:19,0.0389,0.0052,0.1253,0.1495,0.1123,0.0161,0.0021,0.5365,0.002,0.0012,0.0096,0.0013
04:50:07,04:56:16,0.0389,0.005,0.1249,0.1608,0.1106,0.0159,0.0027,0.5286,0.0015,0.0012,0.0088,0.0011
04:50:25,04:57:00,0.0383,0.005,0.1207,0.1498,0.1089,0.0157,0.0021,0.5458,0.0025,0.0012,0.0089,0.0011
04:51:34,04:57:09,0.0368,0.005,0.1258,0.1542,0.1039,0.0149,0.0023,0.5444,0.0014,0.0012,0.009,0.0011
04:51:49,04:57:20,0.0375,0.005,0.1293,0.1447,0.104,0.0152,0.0018,0.5487,0.0018,0.0013,0.0095,0.0012
04:52:04,04:57:51,0.0393,0.0058,0.1201,0.1559,0.1108,0.0154,0.0017,0.5364,0.0014,0.0016,0.01,0.0016
04:52:10,05:00:21,0.0426,0.005,0.1351,0.1474,0.1196,0.0178,0.0017,0.5178,0.0017,0.0012,0.009,0.0011
04:52:54,05:01:48,0.0407,0.006,0.1268,0.1477,0.1125,0.0169,0.0023,0.5324,0.002,0.0012,0.0101,0.0014
04:53:43,05:02:21,0.0398,0.0062,0.1204,0.1569,0.1104,0.0157,0.0017,0.5334,0.0014,0.0017,0.0106,0.0018
04:54:18,05:03:28,0.0399,0.006,0.1242,0.1626,0.1142,0.0166,0.0021,0.52,0.002,0.0012,0.0098,0.0014
04:55:20,05:03:36,0.0372,0.005,0.114,0.2278,0.1039,0.015,0.0018,0.4827,0.0015,0.0012,0.0088,0.0011
04:56:16,05:03:53,0.0433,0.0074,0.1184,0.1606,0.108,0.0155,0.0018,0.5322,0.0014,0.0012,0.0091,0.0011
04:57:00,05:03:59,0.0466,0.0071,0.1281,0.1518,0.114,0.0165,0.0017,0.5217,0.0014,0.0012,0.0088,0.0011
04:57:09,05:03:53,0.0415,0.0061,0.1299,0.1473,0.114,0.017,0.0018,0.5298,0.0014,0.0012,0.0089,0.0011
04:57:20,05:06:00,0.0403,0.0216,0.1243,0.1502,0.1125,0.0165,0.0022,0.5192,0.002,0.0012,0.0089,0.0011
04:57:51,05:06:10,0.0372,0.005,0.115,0.2065,0.1048,0.0151,0.0018,0.502,0.0015,0.0012,0.0088,0.0011
05:00:21,05:06:29,0.0423,0.0074,0.1184,0.1861,0.1056,0.0154,0.0019,0.5103,0.0015,0.0012,0.0088,0.0011
05:01:48,05:05:58,0.0423,0.011,0.1193,0.1505,0.1101,0.016,0.0019,0.5361,0.0016,0.0012,0.0089,0.0011
05:02:21,05:06:50,0.0428,0.0123,0.1186,0.1563,0.1073,0.0155,0.0019,0.5326,0.0016,0.0012,0.0088,0.0011
05:03:28,05:07:02,0.0464,0.0069,0.1253,0.1476,0.1091,0.0163,0.0018,0.534,0.0014,0.0012,0.0089,0.0011
05:03:36,05:07:11,0.038,0.0053,0.1141,0.1669,0.1077,0.0151,0.0021,0.5378,0.0019,0.0012,0.0088,0.0011
05:03:53,05:07:11,0.0402,0.0059,0.1231,0.1566,0.1122,0.0165,0.0024,0.5297,0.0018,0.0013,0.0092,0.0011
05:04:00,05:08:03,0.0382,0.005,0.116,0.145,0.1057,0.0156,0.0019,0.5597,0.0018,0.0012,0.0088,0.0011
05:04:57,05:09:13,0.0401,0.005,0.1341,0.1474,0.1153,0.017,0.0018,0.5267,0.0014,0.0012,0.0089,0.0011
05:06:00,05:09:52,0.0399,0.0059,0.1304,0.1505,0.1137,0.0161,0.0023,0.5278,0.0019,0.0012,0.0092,0.0011
05:06:10,05:10:56,0.0408,0.0059,0.1244,0.1523,0.1146,0.0169,0.0021,0.53,0.0018,0.0012,0.0089,0.0011
05:06:29,05:11:57,0.0389,0.005,0.1224,0.1521,0.1116,0.016,0.0025,0.5381,0.0023,0.0012,0.0088,0.0011
05:05:58,05:12:47,0.0386,0.005,0.1207,0.1477,0.1089,0.0158,0.0023,0.5478,0.0021,0.0012,0.0088,0.0011
05:06:54,05:13:52,0.039,0.005,0.125,0.1622,0.1116,0.0161,0.0017,0.5269,0.0014,0.0012,0.0088,0.0011
05:07:02,05:13:53,0.0378,0.005,0.1183,0.151,0.1078,0.0154,0.0027,0.5485,0.0024,0.0012,0.0088,0.0011
05:07:11,05:15:15,0.0402,0.0118,0.1264,0.1477,0.1136,0.0171,0.0017,0.5287,0.0016,0.0012,0.0089,0.0011
05:07:11,05:15:33,0.0388,0.0156,0.1265,0.1572,0.1051,0.0153,0.0022,0.5254,0.0019,0.0013,0.0095,0.0012
05:08:03,05:15:30,0.0389,0.0054,0.1244,0.1539,0.1127,0.0156,0.0018,0.5328,0.0014,0.0016,0.0099,0.0016
05:09:13,05:16:46,0.0384,0.0062,0.1342,0.1485,0.1098,0.0154,0.0025,0.529,0.002,0.0016,0.0107,0.0017
05:09:52,05:16:37,0.0376,0.005,0.1147,0.2253,0.105,0.0151,0.0017,0.4831,0.0014,0.0012,0.0088,0.0011
05:10:57,05:17:11,0.0379,0.005,0.1141,0.1653,0.1032,0.015,0.0019,0.545,0.0015,0.0012,0.0088,0.0011
05:11:26,05:17:20,0.0476,0.0085,0.1221,0.1566,0.1092,0.0164,0.0017,0.5254,0.0014,0.0012,0.0088,0.0011
05:12:49,05:17:07,0.0415,0.006,0.1301,0.1496,0.1113,0.0156,0.0018,0.5316,0.0014,0.0012,0.0088,0.0011
05:13:52,05:18:14,0.0407,0.0055,0.1264,0.1465,0.1152,0.0168,0.0017,0.5346,0.0014,0.0012,0.0089,0.0011
05:13:53,05:18:35,0.0393,0.005,0.1301,0.1494,0.1121,0.0163,0.0022,0.5326,0.0019,0.0012,0.0088,0.0011
05:15:15,05:19:43,0.0388,0.005,0.1231,0.1451,0.1109,0.0162,0.0017,0.5467,0.0014,0.0012,0.0088,0.0011
05:15:33,05:20:05,0.0394,0.0222,0.1188,0.1784,0.1073,0.0158,0.0021,0.5025,0.0022,0.0012,0.009,0.0011
05:15:30,05:20:20,0.0375,0.005,0.1143,0.2106,0.1045,0.015,0.0019,0.4984,0.0016,0.0012,0.0089,0.0011
05:16:45,05:20:32,0.045,0.0082,0.1202,0.1596,0.1086,0.0163,0.0017,0.5279,0.0014,0.0012,0.0088,0.0011
05:16:37,05:20:19,0.0435,0.0064,0.1258,0.1472,0.1133,0.0159,0.0017,0.5337,0.0014,0.0012,0.0088,0.0011
05:17:11,05:21:52,0.0426,0.0054,0.1255,0.1514,0.1168,0.0173,0.002,0.5263,0.0016,0.0012,0.0088,0.0011
05:17:20,05:23:04,0.041,0.006,0.1286,0.1493,0.1161,0.0175,0.0018,0.5268,0.0017,0.0012,0.0089,0.0011
05:17:07,05:23:24,0.0377,0.0206,0.1176,0.1861,0.106,0.0152,0.002,0.502,0.0017,0.0012,0.0088,0.0011
05:18:14,05:23:08,0.039,0.005,0.1148,0.2081,0.1046,0.015,0.0019,0.499,0.0015,0.0012,0.0088,0.0011
05:18:35,05:23:46,0.0447,0.0083,0.1193,0.154,0.11,0.0162,0.0017,0.5333,0.0014,0.0012,0.0088,0.0011
05:19:42,05:24:06,0.0429,0.0061,0.1265,0.1473,0.1147,0.0161,0.0017,0.5322,0.0014,0.0012,0.0088,0.0011
05:20:06,05:25:00,0.0423,0.0056,0.127,0.1502,0.1149,0.0173,0.0021,0.5277,0.0018,0.0012,0.0088,0.0011
05:20:20,05:26:17,0.0402,0.005,0.1284,0.1505,0.1154,0.0171,0.0021,0.5283,0.0018,0.0012,0.0089,0.0011
05:20:32,05:26:39,0.04,0.0071,0.1293,0.1611,0.1079,0.0154,0.0019,0.5223,0.0015,0.0017,0.0101,0.0017
05:20:18,05:27:08,0.045,0.0059,0.122,0.1436,0.1138,0.0156,0.0017,0.5337,0.0014,0.0013,0.0149,0.0011
05:21:52,05:29:47,0.043,0.005,0.132,0.1481,0.1223,0.0181,0.0017,0.5173,0.0014,0.0012,0.0088,0.0011
05:23:04,05:31:51,0.0421,0.005,0.1326,0.1491,0.1188,0.0175,0.0018,0.52,0.0015,0.0012,0.0093,0.0011
05:23:20,05:33:42,0.0414,0.0066,0.1303,0.1548,0.1184,0.0174,0.0018,0.514,0.0015,0.0016,0.0105,0.0017
05:23:08,05:35:45,0.0423,0.0056,0.1312,0.1475,0.1214,0.0174,0.0017,0.5203,0.0014,0.0012,0.0089,0.0011
05:23:46,05:37:02,0.04,0.005,0.1238,0.162,0.1118,0.0165,0.0018,0.5264,0.0015,0.0012,0.0089,0.0011
05:24:07,05:37:51,0.0387,0.0054,0.1198,0.1635,0.1097,0.0158,0.0026,0.5307,0.0022,0.0013,0.0092,0.0011
05:25:01,05:39:51,0.0412,0.005,0.1287,0.1447,0.117,0.0171,0.0017,0.5318,0.0016,0.0012,0.0089,0.0011
05:26:17,05:41:08,0.04,0.005,0.1239,0.1731,0.1123,0.0166,0.0017,0.5149,0.0014,0.0012,0.0088,0.0011
05:26:38,05:43:13,0.0415,0.005,0.1304,0.1551,0.1185,0.0173,0.002,0.5175,0.0015,0.0012,0.0089,0.0011
05:27:05,05:43:25,0.0395,0.0062,0.1334,0.1483,0.1039,0.0157,0.0019,0.5368,0.0029,0.0012,0.0091,0.0011
05:29:44,05:43:29,0.0431,0.008,0.1217,0.1593,0.1074,0.0153,0.0017,0.5277,0.002,0.0033,0.0094,0.0011
05:31:51,05:43:25,0.0413,0.0213,0.1323,0.1512,0.1064,0.0149,0.0019,0.5176,0.002,0.0012,0.0088,0.0011
05:33:39,05:43:37,0.0387,0.0079,0.1509,0.158,0.1063,0.0151,0.0023,0.5081,0.0016,0.0012,0.0088,0.0011
05:35:47,05:43:40,0.038,0.0092,0.1284,0.1424,0.103,0.0148,0.003,0.5485,0.0016,0.0012,0.0088,0.0011
05:37:01,05:43:43,0.0386,0.0092,0.1274,0.1666,0.1044,0.015,0.0019,0.5244,0.0014,0.0012,0.0088,0.0011
05:37:52,05:43:47,0.038,0.005,0.1274,0.1642,0.1057,0.0149,0.0022,0.53,0.0015,0.0012,0.0088,0.0011
05:39:45,05:43:50,0.0366,0.005,0.1203,0.157,0.1045,0.0149,0.0017,0.5427,0.0016,0.002,0.0114,0.0023
05:41:10,05:43:59,0.0368,0.005,0.1404,0.1591,0.1039,0.015,0.002,0.5253,0.0014,0.0012,0.0088,0.0011
05:43:13,05:44:03,0.0366,0.005,0.1229,0.1594,0.1045,0.0149,0.0018,0.5423,0.0015,0.0012,0.0088,0.0011
05:43:25,05:43:36,0.0368,0.005,0.1266,0.1647,0.1038,0.0148,0.0018,0.528,0.0014,0.0039,0.0111,0.0021
05:43:29,05:44:04,0.0377,0.005,0.1244,0.147,0.1052,0.0149,0.0019,0.5415,0.0016,0.0047,0.0144,0.0017
05:43:25,05:44:13,0.0369,0.005,0.1336,0.154,0.1083,0.0149,0.002,0.5325,0.0015,0.0012,0.009,0.0011
05:43:37,05:44:15,0.038,0.0054,0.1312,0.1623,0.1036,0.0148,0.0022,0.5298,0.0016,0.0012,0.0088,0.0011
05:43:40,05:44:21,0.037,0.0052,0.1373,0.1643,0.1043,0.0149,0.0049,0.5159,0.0046,0.0014,0.0091,0.0011
05:43:43,05:44:25,0.041,0.006,0.1143,0.1538,0.1041,0.0149,0.0021,0.5361,0.0018,0.0054,0.0187,0.0018
05:43:47,05:44:27,0.0367,0.0053,0.1159,0.1576,0.1065,0.0148,0.0019,0.5483,0.0018,0.0012,0.0089,0.0011
05:43:51,05:44:03,0.039,0.0062,0.1166,0.177,0.1085,0.0149,0.0024,0.5216,0.0022,0.0013,0.0092,0.0011
05:43:59,05:44:38,0.037,0.0056,0.1139,0.1731,0.1037,0.0149,0.0017,0.5367,0.0016,0.0014,0.0092,0.0012
05:44:03,05:44:14,0.0367,0.005,0.1141,0.1837,0.1055,0.0149,0.0019,0.5253,0.0017,0.0012,0.0089,0.0011
05:43:36,05:44:19,0.0368,0.0052,0.1121,0.1521,0.1024,0.015,0.0017,0.5622,0.0014,0.0012,0.0088,0.0011
05:44:08,05:44:21,0.037,0.0051,0.1124,0.1464,0.1025,0.0149,0.0017,0.5674,0.0015,0.0012,0.0088,0.0011
05:44:13,05:44:45,0.0377,0.0054,0.1128,0.1767,0.1042,0.0149,0.0018,0.5338,0.0014,0.0012,0.009,0.0011
05:44:15,05:45:59,0.04,0.0052,0.123,0.16,0.1191,0.0162,0.0017,0.5218,0.0014,0.0012,0.0092,0.0012
05:44:22,05:47:34,0.0405,0.0052,0.1262,0.1531,0.1156,0.0166,0.0017,0.5276,0.0019,0.0012,0.0093,0.0011
05:44:25,05:48:45,0.0402,0.0053,0.1377,0.1499,0.113,0.0164,0.0022,0.5212,0.0016,0.0013,0.0101,0.0011
05:44:27,05:49:19,0.0474,0.0161,0.1232,0.1543,0.114,0.0154,0.0017,0.5151,0.0015,0.0012,0.009,0.0011
05:44:03,05:50:47,0.0407,0.0056,0.1261,0.1464,0.1146,0.0166,0.0017,0.5355,0.0016,0.0012,0.0089,0.0011
05:44:38,05:53:25,0.0426,0.005,0.1368,0.1464,0.1266,0.0179,0.0017,0.5105,0.0014,0.0012,0.0088,0.0011
05:44:14,05:55:24,0.0415,0.005,0.1323,0.1536,0.1192,0.0173,0.0018,0.5162,0.0017,0.0012,0.0091,0.0011
05:44:19,05:57:01,0.0401,0.005,0.1377,0.1485,0.1155,0.0166,0.0019,0.5219,0.0015,0.0012,0.009,0.0011
05:44:21,05:57:13,0.0378,0.005,0.1267,0.1584,0.1049,0.0151,0.0019,0.5371,0.0014,0.0018,0.0088,0.0011
05:44:45,05:57:24,0.0391,0.0052,0.1164,0.161,0.1046,0.0152,0.0017,0.5437,0.0014,0.0012,0.0094,0.0011
05:45:59,05:57:29,0.0366,0.0054,0.1213,0.1479,0.1041,0.0149,0.0017,0.5553,0.0015,0.0012,0.009,0.0011
05:47:30,05:57:22,0.037,0.005,0.1156,0.1514,0.114,0.015,0.0017,0.5478,0.0014,0.0012,0.0088,0.0011
05:48:45,05:58:40,0.039,0.005,0.1199,0.1429,0.1122,0.0234,0.0021,0.5421,0.0017,0.0012,0.0094,0.0011
05:49:15,05:59:29,0.0396,0.005,0.1229,0.1525,0.1111,0.0158,0.0017,0.5387,0.0014,0.0012,0.009,0.0011
05:50:44,05:59:52,0.038,0.0054,0.1179,0.1972,0.1068,0.0155,0.0022,0.504,0.0019,0.0012,0.0088,0.0011
05:53:26,06:00:11,0.0381,0.005,0.1152,0.1981,0.104,0.015,0.002,0.5097,0.0016,0.0012,0.009,0.0011
05:55:25,06:00:16,0.0449,0.0083,0.1184,0.1586,0.1089,0.016,0.0017,0.5305,0.0014,0.0012,0.009,0.0011
05:57:01,06:00:42,0.0447,0.0067,0.1301,0.1506,0.1144,0.0164,0.0017,0.5229,0.0014,0.0012,0.0088,0.0011
05:57:13,06:01:36,0.0412,0.005,0.1245,0.1519,0.1134,0.0171,0.0021,0.5318,0.0018,0.0012,0.0089,0.0011
05:57:24,06:02:45,0.0402,0.005,0.1309,0.15,0.1167,0.0171,0.0018,0.5256,0.0016,0.0012,0.0088,0.0011
05:57:29,06:03:56,0.0413,0.0068,0.1326,0.147,0.1146,0.0164,0.0019,0.5266,0.0015,0.0012,0.009,0.0011
05:57:22,06:06:10,0.0426,0.0056,0.1322,0.1479,0.121,0.0176,0.0018,0.5185,0.0015,0.0012,0.009,0.0011
05:58:40,06:07:07,0.0392,0.005,0.1209,0.1668,0.1094,0.0159,0.0022,0.5277,0.0017,0.0012,0.0089,0.0011
05:59:30,06:07:17,0.0386,0.0057,0.1249,0.1616,0.1061,0.0152,0.0027,0.5295,0.0022,0.0013,0.011,0.0012
05:59:50,06:07:00,0.0386,0.0055,0.1206,0.1545,0.1119,0.0154,0.0017,0.5371,0.0018,0.0017,0.0096,0.0016
06:00:11,06:08:20,0.0378,0.005,0.1189,0.1423,0.1067,0.0154,0.0018,0.558,0.0014,0.0016,0.0095,0.0016
06:00:19,06:08:39,0.0378,0.0062,0.1231,0.1466,0.108,0.0153,0.0022,0.5447,0.002,0.0013,0.0115,0.0013
06:00:42,06:09:22,0.0405,0.0064,0.123,0.1604,0.1128,0.016,0.0017,0.5244,0.0014,0.0017,0.01,0.0017
06:01:36,06:10:37,0.0402,0.006,0.129,0.15,0.1141,0.0167,0.0021,0.5268,0.002,0.0013,0.0103,0.0015
06:02:45,06:11:06,0.0396,0.0062,0.1212,0.1563,0.1108,0.0157,0.0018,0.5285,0.0014,0.0017,0.0153,0.0015
06:03:55,06:13:04,0.0425,0.0054,0.1311,0.1572,0.1195,0.0178,0.0017,0.511,0.0014,0.0012,0.0101,0.0011
06:06:11,06:13:48,0.039,0.005,0.1256,0.1694,0.1078,0.0157,0.0026,0.5213,0.0022,0.0012,0.0091,0.0011
06:07:07,06:13:48,0.0389,0.0052,0.1162,0.1846,0.1095,0.0153,0.0017,0.516,0.0015,0.0012,0.0088,0.0011
06:07:17,06:16:40,0.0424,0.0052,0.1303,0.1469,0.1197,0.0176,0.0017,0.5233,0.0014,0.0012,0.0092,0.0011
06:07:00,06:17:46,0.0397,0.005,0.1314,0.1461,0.1117,0.0165,0.002,0.5348,0.0015,0.0012,0.009,0.0011
06:08:20,06:19:00,0.0407,0.0064,0.1301,0.1474,0.1155,0.0167,0.0019,0.5259,0.0018,0.0016,0.0103,0.0017
06:08:39,06:21:06,0.0418,0.0056,0.1279,0.1504,0.1188,0.0172,0.0017,0.524,0.0014,0.0012,0.0089,0.0011
06:09:25,06:23:17,0.0422,0.005,0.129,0.1493,0.1192,0.0174,0.002,0.5231,0.0017,0.0012,0.0088,0.0011
06:10:37,06:24:08,0.0392,0.0052,0.1242,0.1493,0.1129,0.0165,0.0018,0.5381,0.0015,0.0012,0.009,0.0011
06:11:07,06:24:22,0.0383,0.0226,0.1161,0.1625,0.1057,0.0155,0.0017,0.5246,0.0016,0.0012,0.0091,0.0011
06:13:04,06:24:39,0.0373,0.005,0.1148,0.2213,0.105,0.0151,0.0019,0.487,0.0015,0.0012,0.0088,0.0011
06:13:48,06:24:50,0.0437,0.0082,0.1187,0.1642,0.108,0.016,0.0017,0.527,0.0014,0.0012,0.0088,0.0011
06:13:48,06:24:41,0.0453,0.0062,0.1249,0.1478,0.1089,0.0158,0.0017,0.5367,0.0014,0.0012,0.009,0.0011
06:16:41,06:25:52,0.0411,0.0056,0.1219,0.1494,0.1156,0.0167,0.0024,0.5341,0.0021,0.0012,0.0088,0.0011
06:17:46,06:26:55,0.0391,0.005,0.1248,0.1645,0.1117,0.0161,0.0018,0.5244,0.0015,0.0012,0.0088,0.0011
06:19:05,06:26:58,0.0377,0.005,0.1171,0.1593,0.1061,0.0153,0.0024,0.5439,0.0021,0.0012,0.0088,0.0011
06:21:06,06:29:29,0.0417,0.0052,0.1291,0.1466,0.1205,0.0174,0.0017,0.5252,0.0014,0.0012,0.0089,0.0011
06:23:17,06:31:07,0.0423,0.0066,0.1274,0.1492,0.1181,0.0171,0.0021,0.5243,0.0018,0.0012,0.0088,0.0011
06:24:08,06:31:35,0.038,0.005,0.1175,0.1433,0.1076,0.0157,0.0017,0.5587,0.0014,0.0012,0.0088,0.0011
06:24:24,06:31:53,0.038,0.0218,0.1162,0.1556,0.1059,0.0152,0.0017,0.5327,0.0015,0.0012,0.0091,0.0011
06:24:36,06:32:11,0.0403,0.0056,0.114,0.2053,0.1057,0.0153,0.0019,0.4992,0.0016,0.0012,0.0088,0.0011
06:24:50,06:32:23,0.0444,0.008,0.1178,0.1563,0.1074,0.0159,0.0017,0.5359,0.0014,0.0012,0.0089,0.0011
06:24:41,06:32:51,0.0391,0.0162,0.1211,0.1492,0.1112,0.0159,0.0025,0.5311,0.0023,0.0012,0.0091,0.0011
06:25:52,06:33:07,0.0416,0.0062,0.1172,0.1512,0.1066,0.0154,0.0019,0.5473,0.0015,0.0012,0.0088,0.0011
06:26:56,06:33:15,0.0462,0.0083,0.1197,0.1452,0.1078,0.0161,0.0018,0.5417,0.0018,0.0012,0.0091,0.0011
06:26:58,06:33:35,0.04,0.0184,0.1283,0.1493,0.1102,0.0153,0.0022,0.5236,0.0014,0.0012,0.009,0.0011
06:29:29,06:33:42,0.0447,0.008,0.1164,0.1522,0.1086,0.0159,0.0017,0.5396,0.0014,0.0012,0.0092,0.0011
06:31:07,06:33:26,0.0458,0.0072,0.1296,0.1474,0.1134,0.0166,0.0017,0.5258,0.0014,0.0012,0.0088,0.0011
06:31:35,06:34:44,0.0404,0.0051,0.123,0.1512,0.1149,0.0167,0.0021,0.5338,0.0017,0.0012,0.0088,0.0011
06:31:54,06:35:34,0.0394,0.0056,0.1217,0.1482,0.1109,0.0158,0.0022,0.5432,0.0018,0.0012,0.0089,0.0011
06:32:11,06:35:46,0.0389,0.006,0.1292,0.1606,0.107,0.0152,0.0019,0.5202,0.0015,0.0018,0.0161,0.0016
06:32:23,06:37:01,0.0398,0.0054,0.1239,0.1463,0.1157,0.0165,0.0018,0.5369,0.0017,0.0012,0.0097,0.0011
06:32:51,06:37:12,0.0385,0.0054,0.1188,0.1689,0.1086,0.0157,0.0026,0.5276,0.0023,0.0013,0.0092,0.0011
06:33:06,06:38:41,0.0393,0.0062,0.1204,0.1438,0.1091,0.0161,0.002,0.5475,0.0018,0.0016,0.0105,0.0017
06:33:15,06:38:58,0.0382,0.0215,0.1173,0.1442,0.1085,0.0154,0.0017,0.5402,0.0015,0.0012,0.0092,0.0011
06:33:35,06:39:15,0.0376,0.0051,0.1159,0.2152,0.1055,0.0153,0.0018,0.4909,0.0016,0.0012,0.0088,0.0011
06:33:42,06:39:32,0.0433,0.0075,0.1193,0.1627,0.1094,0.0159,0.0018,0.5274,0.0014,0.0012,0.009,0.0011
06:33:26,06:39:51,0.0465,0.0072,0.1282,0.1478,0.1153,0.0165,0.0017,0.5243,0.0014,0.0012,0.0088,0.0011
06:34:44,06:40:08,0.0391,0.0053,0.1244,0.1538,0.1063,0.0154,0.0023,0.5384,0.0018,0.0013,0.0107,0.0012
06:35:34,06:40:40,0.0409,0.0068,0.1248,0.1477,0.1104,0.0178,0.0017,0.5363,0.0014,0.0012,0.0089,0.0021
06:35:46,06:41:36,0.041,0.0074,0.1322,0.1495,0.1145,0.0181,0.002,0.5204,0.0018,0.0012,0.0096,0.0023
06:37:01,06:42:45,0.04,0.0052,0.1285,0.1499,0.115,0.0169,0.0021,0.5295,0.0018,0.0012,0.0088,0.0011
06:37:12,06:43:56,0.0406,0.005,0.1294,0.1498,0.1171,0.0172,0.0017,0.5264,0.0014,0.0012,0.0091,0.0011
06:38:41,06:44:02,0.0399,0.0066,0.1252,0.1482,0.113,0.0165,0.0021,0.5355,0.0019,0.0012,0.0088,0.0011
06:38:54,06:45:41,0.0402,0.005,0.1257,0.1504,0.1143,0.0171,0.0021,0.5323,0.0018,0.0012,0.0088,0.0011
06:39:17,06:46:47,0.0399,0.005,0.1265,0.1533,0.1133,0.0167,0.0024,0.53,0.0018,0.0012,0.0088,0.0011
06:39:32,06:46:45,0.0386,0.0056,0.1204,0.1631,0.1105,0.0157,0.0018,0.5313,0.0016,0.0012,0.0091,0.0011
06:39:54,06:48:18,0.0387,0.005,0.1225,0.15,0.1091,0.0159,0.0023,0.543,0.0022,0.0012,0.009,0.0011
06:40:09,06:49:14,0.0397,0.005,0.1258,0.1487,0.1147,0.0169,0.0018,0.5346,0.0015,0.0012,0.009,0.0011
06:40:40,06:51:33,0.0426,0.0056,0.1339,0.148,0.1198,0.0174,0.0018,0.5182,0.0015,0.0012,0.0089,0.0011
06:41:35,06:53:30,0.0418,0.005,0.1301,0.1553,0.1195,0.0174,0.0018,0.5164,0.0014,0.0012,0.009,0.0011
06:42:44,06:56:11,0.0429,0.005,0.1356,0.1471,0.1222,0.018,0.0017,0.5148,0.0015,0.0012,0.0089,0.0011
06:43:56,06:57:54,0.0407,0.005,0.1367,0.1449,0.1159,0.0168,0.0018,0.5254,0.0015,0.0012,0.009,0.0011
06:44:02,06:59:17,0.0399,0.005,0.1263,0.1453,0.1139,0.0165,0.0018,0.5385,0.0014,0.0012,0.0091,0.0011
06:45:41,07:00:09,0.0387,0.005,0.1198,0.1519,0.1083,0.0159,0.0024,0.5448,0.002,0.0012,0.0089,0.0011
06:46:46,07:01:13,0.0391,0.005,0.1234,0.1543,0.1119,0.0161,0.0022,0.5348,0.0019,0.0012,0.009,0.0011
06:46:45,07:02:03,0.0383,0.005,0.1287,0.1482,0.1089,0.0157,0.0023,0.5399,0.0019,0.0012,0.0088,0.0011
06:48:19,07:02:38,0.0389,0.005,0.1246,0.1574,0.1098,0.0157,0.0018,0.5329,0.0014,0.0013,0.01,0.0012
06:49:14,07:03:48,0.0396,0.0052,0.1324,0.1553,0.1131,0.0162,0.0022,0.5218,0.002,0.0012,0.0097,0.0013
06:51:34,07:04:33,0.0386,0.005,0.1218,0.1596,0.1095,0.0157,0.0025,0.5342,0.002,0.0012,0.0088,0.0011
06:53:32,07:05:44,0.0401,0.0056,0.1211,0.1497,0.1139,0.0163,0.0017,0.5389,0.0014,0.0012,0.009,0.0011
06:56:11,07:07:07,0.0399,0.005,0.1228,0.1641,0.1128,0.0164,0.0018,0.5243,0.0017,0.0012,0.0089,0.0011
06:57:54,07:07:16,0.0386,0.0054,0.1194,0.1537,0.1105,0.0158,0.0026,0.5401,0.0023,0.0013,0.0092,0.0011
06:59:20,07:09:58,0.0416,0.005,0.1267,0.1474,0.1185,0.0172,0.0017,0.5293,0.0015,0.0012,0.0088,0.0011
07:00:09,07:10:23,0.038,0.005,0.1305,0.1559,0.1058,0.0154,0.0024,0.5329,0.002,0.0013,0.0096,0.0012
07:01:14,07:10:37,0.039,0.0061,0.128,0.1823,0.1067,0.0153,0.0018,0.5069,0.0014,0.0017,0.0092,0.0016
07:02:03,07:11:19,0.0409,0.0076,0.125,0.1466,0.1131,0.0183,0.0017,0.5328,0.0014,0.0012,0.009,0.0024
07:02:38,07:11:51,0.0397,0.0239,0.1233,0.1512,0.1093,0.0167,0.002,0.5192,0.002,0.0012,0.0097,0.0018
07:03:49,07:12:07,0.0374,0.005,0.1153,0.2242,0.1045,0.0152,0.0018,0.484,0.0015,0.0012,0.0088,0.0011
07:04:34,07:12:22,0.0419,0.0074,0.1178,0.1795,0.1078,0.0153,0.0019,0.5158,0.0015,0.0012,0.0088,0.0011
07:05:44,07:12:28,0.045,0.0187,0.1211,0.1464,0.108,0.0161,0.0019,0.5299,0.0017,0.0012,0.0089,0.0011
07:07:05,07:12:50,0.0437,0.0074,0.1222,0.1589,0.1109,0.0161,0.0019,0.5263,0.0015,0.0012,0.0088,0.0011
07:07:16,07:12:57,0.0451,0.0068,0.1238,0.1463,0.1093,0.0159,0.0017,0.5386,0.0014,0.0012,0.0088,0.0011
07:09:55,07:13:21,0.0393,0.0058,0.1182,0.1439,0.1093,0.0157,0.0017,0.5536,0.0014,0.0012,0.0088,0.0011
07:10:24,07:13:45,0.0394,0.0053,0.1172,0.1445,0.1076,0.0159,0.002,0.5554,0.0016,0.0012,0.0088,0.0011
07:10:36,07:14:50,0.0407,0.005,0.1287,0.1508,0.1159,0.0171,0.0018,0.5273,0.0016,0.0012,0.0088,0.0011
07:11:18,07:15:15,0.0391,0.005,0.1314,0.1547,0.1067,0.0154,0.0023,0.5314,0.0019,0.0013,0.0096,0.0012
07:11:51,07:15:48,0.0425,0.0083,0.1253,0.1551,0.1115,0.0173,0.0017,0.5245,0.0014,0.0012,0.0091,0.0021
07:12:09,07:16:30,0.0402,0.0075,0.127,0.1585,0.1103,0.0176,0.0022,0.5219,0.002,0.0012,0.0094,0.0022
07:12:23,07:15:45,0.0393,0.0064,0.1292,0.177,0.1057,0.0157,0.0018,0.5101,0.0014,0.0017,0.0099,0.0018
07:12:28,07:17:20,0.0413,0.0077,0.1392,0.1472,0.1138,0.0186,0.002,0.5159,0.0015,0.0012,0.0091,0.0025
07:12:50,07:17:43,0.0408,0.0276,0.1291,0.1447,0.1073,0.0164,0.0019,0.5157,0.0019,0.0023,0.0103,0.002
07:12:57,07:16:32,0.039,0.0091,0.1165,0.1524,0.1064,0.0151,0.0021,0.5452,0.0019,0.0012,0.0098,0.0013
07:13:21,07:18:05,0.037,0.005,0.114,0.1887,0.1031,0.015,0.0017,0.523,0.0014,0.0012,0.0088,0.0011
07:13:45,07:18:21,0.0422,0.0074,0.1186,0.1783,0.1089,0.0154,0.0019,0.5147,0.0015,0.0012,0.0088,0.0011
07:14:50,07:18:29,0.046,0.0065,0.1236,0.1474,0.1067,0.0165,0.0017,0.5391,0.0014,0.0012,0.0088,0.0011
07:15:15,07:18:39,0.0443,0.0178,0.1217,0.1501,0.1123,0.015,0.0018,0.5195,0.0014,0.0029,0.0111,0.0021
07:15:48,07:18:47,0.0368,0.0054,0.1207,0.1424,0.1078,0.0151,0.0019,0.5571,0.0016,0.0012,0.0089,0.0011
07:16:30,07:19:15,0.041,0.0057,0.1198,0.1443,0.1088,0.0161,0.0017,0.5501,0.0014,0.0012,0.0088,0.0011
07:16:45,07:19:59,0.0405,0.0056,0.1274,0.1483,0.1136,0.0165,0.0023,0.5319,0.0018,0.0013,0.0096,0.0012
07:17:21,07:19:57,0.039,0.0058,0.1213,0.1582,0.1114,0.0154,0.0017,0.5328,0.0014,0.0016,0.0098,0.0016
07:17:43,07:21:18,0.04,0.007,0.1247,0.1518,0.1117,0.0161,0.0024,0.5314,0.0022,0.0012,0.0101,0.0014
07:16:32,07:22:21,0.0391,0.0054,0.1215,0.1471,0.1116,0.0162,0.002,0.5442,0.0018,0.0012,0.0088,0.0011
07:18:06,07:23:21,0.0397,0.005,0.1259,0.1479,0.1129,0.0168,0.0019,0.5372,0.0016,0.0012,0.0088,0.0011
07:18:21,07:24:27,0.0398,0.005,0.1255,0.1515,0.1143,0.0164,0.0025,0.5316,0.0023,0.0012,0.0088,0.0011
07:18:29,07:25:08,0.0389,0.0055,0.1194,0.1465,0.108,0.0159,0.0022,0.5502,0.0021,0.0012,0.009,0.0011
07:18:39,07:25:30,0.0378,0.0215,0.1173,0.2017,0.1068,0.0154,0.0017,0.4853,0.0014,0.0012,0.0088,0.0011
07:18:47,07:25:46,0.0376,0.005,0.1142,0.19,0.1041,0.015,0.0019,0.5196,0.0015,0.0012,0.0088,0.0011
07:19:15,07:25:55,0.0438,0.0082,0.1167,0.1495,0.1066,0.0158,0.0017,0.5452,0.0014,0.0012,0.0088,0.0011
07:19:59,07:26:21,0.0452,0.0067,0.1309,0.1516,0.1161,0.0168,0.0019,0.518,0.0015,0.0012,0.009,0.0011
07:19:57,07:27:25,0.0422,0.0051,0.1253,0.1501,0.1141,0.0167,0.0022,0.5313,0.0019,0.0012,0.0088,0.0011
07:21:23,07:28:23,0.0395,0.005,0.1264,0.1473,0.1143,0.0167,0.0018,0.5365,0.0014,0.0012,0.0088,0.0011
07:22:21,07:29:37,0.0405,0.0068,0.1268,0.1536,0.1149,0.0164,0.0025,0.5251,0.0023,0.0012,0.0088,0.0011
07:23:21,07:29:53,0.0373,0.005,0.1205,0.1464,0.1048,0.0151,0.0023,0.5555,0.002,0.0012,0.0088,0.0011
07:24:27,07:30:13,0.0392,0.006,0.1247,0.159,0.1092,0.0154,0.0018,0.5241,0.0014,0.0018,0.0158,0.0016
07:25:08,07:31:52,0.0414,0.0054,0.1275,0.1465,0.1155,0.0173,0.0017,0.531,0.0014,0.0012,0.01,0.0011
07:25:34,07:34:02,0.0425,0.005,0.1372,0.1465,0.1198,0.0176,0.0018,0.5168,0.0015,0.0012,0.009,0.0011
07:25:46,07:35:26,0.0416,0.0124,0.1291,0.1467,0.1128,0.0168,0.0019,0.523,0.0016,0.0016,0.0108,0.0017
07:25:55,07:37:01,0.0406,0.0166,0.1265,0.149,0.1169,0.0167,0.0018,0.5189,0.0016,0.0012,0.0091,0.0011
07:26:23,07:37:28,0.038,0.0054,0.1182,0.1709,0.1083,0.0154,0.0027,0.5269,0.0025,0.0013,0.0093,0.0011
07:27:25,07:38:49,0.0397,0.005,0.1226,0.143,0.112,0.0164,0.0017,0.5471,0.0014,0.0012,0.0088,0.0011
07:28:23,07:41:18,0.0427,0.005,0.134,0.1473,0.1219,0.0178,0.0018,0.5167,0.0016,0.0012,0.0089,0.0011
07:29:37,07:43:51,0.0425,0.005,0.1342,0.1465,0.1207,0.0178,0.0017,0.519,0.0014,0.0012,0.0089,0.0011
07:29:52,07:45:04,0.0394,0.005,0.1237,0.1827,0.1115,0.0162,0.002,0.5067,0.0016,0.0012,0.0089,0.0011
07:30:15,07:45:17,0.0384,0.005,0.1141,0.2144,0.1046,0.0151,0.0019,0.4939,0.0015,0.0012,0.0088,0.0011
07:31:53,07:45:24,0.0432,0.0082,0.1195,0.1502,0.1086,0.016,0.0017,0.5401,0.0014,0.0012,0.0088,0.0011
07:34:05,07:45:46,0.045,0.0067,0.1277,0.1522,0.1161,0.0162,0.0017,0.5217,0.0014,0.0012,0.009,0.0011
07:35:26,07:46:34,0.0429,0.021,0.1248,0.1459,0.1148,0.0172,0.0018,0.5187,0.0017,0.0012,0.0089,0.0011
07:37:01,07:46:50,0.0373,0.0057,0.1172,0.2024,0.1048,0.0152,0.0019,0.5026,0.0016,0.0012,0.009,0.0011
07:37:27,07:47:07,0.0403,0.0066,0.1168,0.1962,0.1057,0.0154,0.0019,0.5045,0.0015,0.0012,0.0088,0.0011
07:38:46,07:47:16,0.0444,0.0073,0.1245,0.1494,0.1127,0.016,0.0017,0.5315,0.0014,0.0012,0.0088,0.0011
07:41:19,07:47:54,0.0429,0.0059,0.125,0.1494,0.1127,0.0167,0.0017,0.5332,0.0014,0.0012,0.0088,0.0011
07:43:51,07:48:35,0.0412,0.0052,0.1325,0.1475,0.11,0.0165,0.0024,0.531,0.0018,0.0013,0.0094,0.0012
07:45:04,07:48:53,0.0398,0.0058,0.1226,0.1601,0.1082,0.0156,0.0018,0.5321,0.0014,0.0016,0.0094,0.0016
07:45:17,07:49:46,0.0461,0.0064,0.1293,0.1489,0.1159,0.0159,0.0021,0.5201,0.0019,0.0016,0.0101,0.0017
07:45:24,07:50:20,0.0406,0.0074,0.1285,0.1474,0.1125,0.0163,0.0018,0.5327,0.0015,0.0012,0.009,0.0011
07:45:46,07:51:35,0.0403,0.005,0.1275,0.15,0.1176,0.0172,0.002,0.5274,0.0018,0.0012,0.0089,0.0011
07:46:30,07:52:49,0.0408,0.005,0.1315,0.1508,0.1174,0.0174,0.0021,0.5221,0.0018,0.0012,0.0088,0.0011
07:46:52,07:54:05,0.04,0.005,0.1263,0.1455,0.1142,0.0169,0.002,0.5373,0.0017,0.0012,0.0088,0.0011
07:47:07,07:55:20,0.0406,0.005,0.1296,0.1503,0.1172,0.0174,0.0019,0.5251,0.0018,0.0012,0.0088,0.0011
07:47:16,07:55:20,0.0385,0.005,0.1332,0.1582,0.1094,0.0156,0.0021,0.5239,0.0016,0.0013,0.01,0.0012
07:47:54,07:56:40,0.0384,0.0052,0.1199,0.1464,0.1091,0.0157,0.0022,0.5484,0.002,0.0012,0.0102,0.0013
07:48:35,07:57:04,0.0412,0.006,0.1318,0.1576,0.1096,0.0163,0.0021,0.5216,0.0014,0.0013,0.0094,0.0017
07:48:53,07:56:47,0.0391,0.0062,0.1211,0.1616,0.1078,0.0165,0.0018,0.5325,0.0015,0.0012,0.009,0.0017
07:49:46,07:57:22,0.0384,0.0062,0.1192,0.1483,0.1078,0.0162,0.0018,0.5478,0.0017,0.0012,0.0096,0.0018
07:50:20,07:59:38,0.041,0.005,0.1302,0.1572,0.1189,0.017,0.0017,0.5163,0.0015,0.0012,0.0089,0.0011
07:51:35,08:02:09,0.0428,0.005,0.1341,0.1519,0.1212,0.0179,0.0017,0.5128,0.0014,0.0012,0.0089,0.0011
07:52:49,08:04:05,0.0418,0.005,0.1375,0.1464,0.1183,0.0171,0.0018,0.5188,0.0015,0.0012,0.0095,0.0011
07:54:05,08:06:25,0.0426,0.0056,0.1339,0.1472,0.1197,0.0176,0.0018,0.5189,0.0014,0.0012,0.009,0.0011
07:55:18,08:07:10,0.0383,0.0051,0.1192,0.1625,0.1076,0.0156,0.0027,0.5357,0.0021,0.0012,0.0089,0.0011
07:55:20,08:07:55,0.0386,0.0053,0.1205,0.1541,0.1099,0.0158,0.0019,0.5402,0.002,0.0013,0.0093,0.0011
07:56:40,08:08:14,0.0373,0.005,0.1153,0.1444,0.1048,0.0153,0.0018,0.5635,0.0015,0.0012,0.0088,0.0011
07:57:01,08:08:26,0.0372,0.005,0.1701,0.1413,0.105,0.0153,0.0017,0.5119,0.0014,0.0012,0.0088,0.0011
07:56:47,08:09:12,0.039,0.005,0.1558,0.1489,0.1098,0.0163,0.0018,0.5109,0.0014,0.0012,0.0088,0.0011
07:57:22,08:09:29,0.038,0.0052,0.126,0.153,0.1049,0.0153,0.0022,0.5393,0.0019,0.0013,0.0117,0.0012
07:59:39,08:10:41,0.0407,0.006,0.1274,0.154,0.1175,0.0164,0.0017,0.5175,0.0015,0.0017,0.0141,0.0015
08:02:09,08:10:45,0.0405,0.005,0.1386,0.148,0.1137,0.0162,0.0021,0.5228,0.0016,0.0012,0.0092,0.0011
08:04:07,08:13:47,0.0412,0.005,0.1257,0.1451,0.1156,0.0171,0.0018,0.5358,0.0016,0.0012,0.0088,0.0011
08:06:28,08:13:50,0.0371,0.0051,0.1219,0.2086,0.1037,0.0149,0.0024,0.4931,0.002,0.0012,0.0089,0.0011
08:07:10,08:13:47,0.0387,0.0064,0.1205,0.1603,0.1104,0.0157,0.0021,0.5301,0.002,0.0016,0.0105,0.0017
08:07:56,08:15:14,0.039,0.0053,0.1219,0.1625,0.1086,0.0158,0.0022,0.5317,0.0019,0.0012,0.0088,0.0011
08:08:14,08:16:05,0.0392,0.005,0.1226,0.1496,0.1121,0.0158,0.0027,0.5395,0.0021,0.0012,0.0091,0.0011
08:08:25,08:16:32,0.0379,0.005,0.1188,0.145,0.1073,0.0157,0.0019,0.5556,0.0017,0.0012,0.0088,0.0011
08:09:12,08:17:23,0.0391,0.005,0.1262,0.1487,0.1135,0.0164,0.0023,0.5359,0.0017,0.0012,0.0089,0.0011
08:09:29,08:17:47,0.038,0.005,0.1271,0.1443,0.1082,0.0155,0.0017,0.5474,0.0016,0.0012,0.0089,0.0011
08:10:36,08:18:38,0.0406,0.0228,0.1258,0.145,0.113,0.017,0.0019,0.5207,0.002,0.0012,0.0089,0.0011
08:10:45,08:18:50,0.0374,0.005,0.1236,0.1461,0.1047,0.0151,0.0021,0.5523,0.0018,0.0013,0.0094,0.0012
08:13:47,08:19:09,0.0398,0.0067,0.1306,0.1794,0.1088,0.016,0.0017,0.5026,0.0014,0.0016,0.0095,0.0019
08:13:50,08:20:03,0.0425,0.0093,0.135,0.1482,0.1133,0.0193,0.0022,0.5145,0.0016,0.0012,0.0099,0.003
08:13:47,08:20:17,0.0373,0.005,0.1151,0.2066,0.1055,0.0151,0.0017,0.5009,0.0017,0.0012,0.0088,0.0011
08:15:14,08:20:33,0.0416,0.007,0.1155,0.1909,0.1054,0.0154,0.0019,0.5097,0.0015,0.0012,0.0088,0.0011
08:16:05,08:20:41,0.045,0.007,0.1242,0.1517,0.1114,0.0162,0.0017,0.5303,0.0014,0.0012,0.0088,0.0011
08:16:32,08:21:46,0.0434,0.0056,0.1328,0.1517,0.1228,0.0179,0.0017,0.5116,0.0014,0.0012,0.0088,0.0011
08:17:23,08:22:30,0.0406,0.0054,0.1221,0.1477,0.1101,0.0162,0.0021,0.543,0.0017,0.0012,0.0088,0.0011
08:17:47,08:23:43,0.0413,0.0067,0.13,0.1511,0.1188,0.017,0.0018,0.5204,0.0016,0.0012,0.009,0.0011
08:18:37,08:26:06,0.0423,0.0053,0.1329,0.1475,0.1212,0.0178,0.0017,0.5186,0.0015,0.0012,0.0089,0.0011
08:18:50,08:28:38,0.0427,0.005,0.1336,0.1468,0.1212,0.0179,0.0017,0.5186,0.0014,0.0012,0.0088,0.0011
08:19:09,08:30:44,0.0415,0.005,0.1384,0.1579,0.1181,0.0173,0.0017,0.5076,0.0014,0.0012,0.0088,0.0011
08:20:03,08:32:38,0.0411,0.005,0.1291,0.1511,0.1155,0.0171,0.0021,0.5261,0.0018,0.0012,0.0088,0.0011
08:20:18,08:33:31,0.0393,0.005,0.1236,0.1675,0.11,0.0159,0.0025,0.5232,0.0019,0.0012,0.0088,0.0011
08:20:33,08:33:30,0.0396,0.005,0.1273,0.1548,0.1141,0.0164,0.0022,0.5273,0.002,0.0012,0.009,0.0011
08:20:41,08:34:52,0.0379,0.005,0.1186,0.1445,0.1079,0.0158,0.0019,0.5558,0.0015,0.0012,0.0088,0.0011
08:21:46,08:35:10,0.0394,0.0062,0.1186,0.1585,0.1077,0.016,0.0021,0.5369,0.0017,0.0013,0.0101,0.0015
08:22:31,08:35:03,0.0418,0.0084,0.1327,0.1471,0.1131,0.0194,0.0017,0.5213,0.0015,0.0012,0.009,0.0028
08:23:43,08:36:32,0.0382,0.0054,0.121,0.1464,0.11,0.0159,0.0021,0.5468,0.002,0.0012,0.0096,0.0014
08:26:06,08:36:54,0.0383,0.0226,0.1171,0.1883,0.1062,0.0156,0.0017,0.4975,0.0015,0.0012,0.0089,0.0011
08:28:38,08:37:03,0.0372,0.005,0.1136,0.2127,0.1041,0.015,0.002,0.4976,0.0016,0.0012,0.0089,0.0011
08:30:44,08:37:17,0.039,0.0055,0.1157,0.1703,0.1048,0.015,0.0026,0.5333,0.0022,0.0013,0.0092,0.0011
08:32:36,08:37:26,0.0438,0.0085,0.1224,0.1522,0.1122,0.0164,0.0017,0.5303,0.0014,0.0012,0.0088,0.0011
08:33:31,08:37:52,0.0449,0.0061,0.1259,0.1507,0.111,0.0163,0.0021,0.5301,0.0018,0.0012,0.0088,0.0011
08:33:30,08:38:16,0.0379,0.005,0.1182,0.1439,0.1094,0.0157,0.0017,0.5556,0.0015,0.0012,0.0088,0.0011
08:34:49,08:38:26,0.0385,0.0053,0.1132,0.1412,0.1045,0.0153,0.0017,0.5678,0.0014,0.0012,0.0088,0.0011
08:35:12,08:38:35,0.0369,0.005,0.1127,0.1412,0.1038,0.015,0.0017,0.5712,0.0014,0.0012,0.0088,0.0011
08:35:03,08:38:51,0.038,0.021,0.1159,0.1458,0.1057,0.0153,0.0017,0.5438,0.0016,0.0012,0.0089,0.0011
08:36:29,08:39:07,0.0373,0.005,0.1146,0.2269,0.1042,0.015,0.0018,0.4826,0.0015,0.0012,0.0088,0.0011
08:36:51,08:39:23,0.0435,0.0074,0.1188,0.1682,0.1083,0.0157,0.0018,0.5238,0.0014,0.0012,0.0088,0.0011
08:37:03,08:39:39,0.0463,0.0075,0.1271,0.1481,0.1149,0.0165,0.0019,0.5251,0.0015,0.0012,0.0088,0.0011
08:37:17,08:39:41,0.0407,0.0051,0.1232,0.149,0.1116,0.0168,0.0019,0.5388,0.0017,0.0012,0.0089,0.0011
08:37:26,08:41:14,0.04,0.0212,0.125,0.1474,0.112,0.0164,0.0021,0.5227,0.002,0.0012,0.0089,0.0011
08:37:52,08:41:29,0.045,0.0081,0.121,0.1544,0.1087,0.0165,0.0019,0.5318,0.0015,0.0012,0.0088,0.0011
08:38:16,08:41:49,0.045,0.0067,0.1258,0.1477,0.1133,0.0159,0.0017,0.5314,0.0014,0.0012,0.0088,0.0011
08:38:26,08:42:40,0.0416,0.0052,0.1239,0.1508,0.1134,0.017,0.0021,0.5332,0.0017,0.0012,0.0088,0.0011
08:38:35,08:43:46,0.0404,0.005,0.1284,0.1487,0.1163,0.0172,0.0017,0.5297,0.0014,0.0012,0.0089,0.0011
08:38:52,08:45:21,0.0412,0.0216,0.127,0.149,0.1161,0.0169,0.0018,0.5135,0.0017,0.0012,0.0089,0.0011
08:39:07,08:46:36,0.0395,0.005,0.1454,0.1673,0.1123,0.0163,0.0017,0.4999,0.0014,0.0012,0.0089,0.0011
08:39:23,08:48:06,0.0401,0.005,0.1446,0.1651,0.114,0.0165,0.0017,0.5005,0.0014,0.0012,0.0088,0.0011
08:39:35,08:48:24,0.0375,0.005,0.1288,0.1567,0.1041,0.0152,0.0022,0.5371,0.0021,0.0012,0.009,0.0011
08:39:41,08:48:29,0.0427,0.0109,0.1438,0.1546,0.1049,0.0152,0.0017,0.5119,0.0026,0.0014,0.0092,0.0011
08:41:14,08:48:31,0.0404,0.0126,0.1305,0.1507,0.1086,0.0149,0.0017,0.528,0.0015,0.0012,0.0088,0.0011
08:41:29,08:48:34,0.0371,0.0098,0.1358,0.162,0.1047,0.015,0.0023,0.5203,0.0019,0.0012,0.0088,0.0011
08:41:49,08:48:37,0.038,0.0079,0.1425,0.1425,0.1024,0.0148,0.0028,0.5365,0.0015,0.0012,0.0088,0.0011
08:42:40,08:48:41,0.0382,0.0078,0.1258,0.1631,0.105,0.0149,0.0023,0.5302,0.0016,0.0012,0.0088,0.0011
08:43:46,08:48:43,0.0388,0.0106,0.1351,0.1533,0.1035,0.0149,0.002,0.5293,0.0014,0.0012,0.0088,0.0011
08:45:21,08:48:49,0.0372,0.0054,0.1235,0.1539,0.1125,0.0149,0.002,0.5379,0.0016,0.0012,0.0088,0.0011
08:46:35,08:48:53,0.0366,0.005,0.1238,0.1567,0.1054,0.0148,0.0017,0.5435,0.0014,0.0012,0.0088,0.0011
08:48:06,08:48:57,0.0366,0.005,0.1331,0.1449,0.1025,0.0149,0.0019,0.5486,0.0014,0.0012,0.0088,0.0011
08:48:24,08:49:02,0.0366,0.005,0.1124,0.1628,0.1036,0.0148,0.0018,0.5504,0.0015,0.0012,0.0088,0.0011
08:48:29,08:49:08,0.0367,0.005,0.1204,0.1514,0.1024,0.015,0.0019,0.5522,0.0014,0.0023,0.0099,0.0014
08:48:31,08:49:15,0.0392,0.005,0.1377,0.1691,0.1095,0.015,0.0018,0.5052,0.0014,0.0026,0.0122,0.0013
08:48:34,08:49:18,0.0383,0.005,0.1307,0.1586,0.1034,0.0148,0.0022,0.5343,0.0016,0.0012,0.0088,0.0011
08:48:37,08:49:22,0.037,0.0053,0.1403,0.1495,0.1024,0.0151,0.0019,0.5353,0.0016,0.0014,0.0091,0.0011
08:48:41,08:49:27,0.0392,0.0058,0.1217,0.1658,0.1059,0.0149,0.0019,0.5173,0.0017,0.0054,0.0187,0.0017
08:48:43,08:49:29,0.0394,0.0052,0.1222,0.1519,0.1046,0.0148,0.0052,0.5395,0.0049,0.0015,0.0096,0.0012
08:48:49,08:49:36,0.04,0.0076,0.1162,0.1738,0.1096,0.0149,0.0026,0.5206,0.0026,0.0013,0.0097,0.0011
08:48:53,08:48:50,0.0369,0.005,0.1177,0.1837,0.1073,0.015,0.0019,0.519,0.0017,0.0014,0.0092,0.0012
08:48:57,08:49:49,0.0371,0.005,0.1127,0.1868,0.1035,0.0149,0.0017,0.5258,0.0014,0.0012,0.0088,0.0011
08:49:02,08:49:23,0.0374,0.0054,0.1149,0.1862,0.1049,0.015,0.0018,0.5214,0.0016,0.0012,0.0091,0.0011
08:49:08,08:49:28,0.037,0.0053,0.112,0.1456,0.1038,0.0149,0.0017,0.5671,0.0015,0.0012,0.0088,0.0011
08:49:15,08:49:35,0.0375,0.005,0.1131,0.1498,0.1037,0.0149,0.0017,0.5614,0.0014,0.0012,0.0091,0.0012
08:49:18,08:51:04,0.0394,0.0052,0.1214,0.1493,0.1164,0.0159,0.0017,0.5381,0.0014,0.0012,0.0089,0.0011
08:49:22,08:52:57,0.0413,0.0052,0.1294,0.1511,0.1174,0.0171,0.0017,0.5236,0.0017,0.0012,0.0092,0.0011
08:49:27,08:53:40,0.0384,0.005,0.1348,0.1455,0.1082,0.0157,0.002,0.5374,0.0016,0.0012,0.0091,0.0011
08:49:29,08:53:46,0.0368,0.005,0.1138,0.1503,0.1038,0.0149,0.0018,0.5609,0.0014,0.0012,0.009,0.0011
08:49:36,08:54:25,0.039,0.005,0.1298,0.1615,0.112,0.0156,0.0021,0.5212,0.0019,0.0012,0.0096,0.0011
08:48:50,08:54:33,0.0465,0.0164,0.1196,0.1627,0.109,0.0149,0.0017,0.5162,0.0015,0.0013,0.0091,0.0011
08:49:49,08:56:28,0.0412,0.005,0.1292,0.1463,0.1186,0.0172,0.0017,0.5281,0.0016,0.0012,0.0088,0.0011
08:49:23,08:57:31,0.0394,0.005,0.1325,0.1438,0.1115,0.0161,0.0019,0.5367,0.0016,0.0012,0.0092,0.0011
08:49:28,08:59:37,0.0413,0.005,0.1298,0.1473,0.12,0.0172,0.0019,0.5246,0.0018,0.0012,0.0088,0.0011
08:49:35,08:59:53,0.0374,0.0051,0.1146,0.2136,0.105,0.0152,0.0019,0.4945,0.0016,0.0012,0.0088,0.0011
08:51:04,09:00:11,0.0394,0.0052,0.1148,0.1855,0.106,0.0152,0.0019,0.5194,0.0015,0.0012,0.0088,0.0011
08:52:57,09:00:24,0.0447,0.0084,0.1181,0.1506,0.1113,0.0162,0.0017,0.5363,0.0014,0.0012,0.009,0.0011
08:53:40,09:00:42,0.0432,0.0063,0.127,0.1482,0.1128,0.0158,0.0017,0.5325,0.0014,0.0012,0.0088,0.0011
08:53:40,09:01:29,0.0412,0.0052,0.1248,0.1486,0.1127,0.0172,0.0018,0.5358,0.0014,0.0012,0.009,0.0011
08:54:25,09:02:24,0.0394,0.005,0.1262,0.1483,0.1126,0.0164,0.0021,0.5371,0.0018,0.0012,0.0088,0.0011
08:54:33,09:03:38,0.0409,0.0068,0.131,0.1505,0.1148,0.017,0.002,0.5237,0.0016,0.0012,0.0094,0.0011
08:56:28,09:03:38,0.0398,0.005,0.1316,0.154,0.1127,0.0236,0.0019,0.5185,0.0014,0.0012,0.0092,0.0011
08:57:33,09:05:56,0.0411,0.0058,0.1273,0.1456,0.1158,0.0167,0.0018,0.533,0.0016,0.0012,0.009,0.0011
08:59:37,09:07:05,0.0395,0.005,0.1212,0.1639,0.1115,0.0162,0.0018,0.5281,0.0016,0.0012,0.0089,0.0011
08:59:53,09:07:45,0.0381,0.0054,0.1171,0.1502,0.1081,0.0155,0.0026,0.5491,0.0023,0.0013,0.0092,0.0011
09:00:14,09:08:38,0.0391,0.005,0.1251,0.1501,0.1118,0.0162,0.0021,0.5377,0.0018,0.0012,0.0088,0.0011
09:00:23,09:08:51,0.0371,0.005,0.1132,0.1415,0.105,0.0151,0.0017,0.5689,0.0014,0.0012,0.0088,0.0011
09:00:42,09:09:01,0.037,0.005,0.1119,0.1408,0.1029,0.015,0.0017,0.5731,0.0014,0.0012,0.0089,0.0011
09:01:30,09:09:12,0.0369,0.005,0.1134,0.1415,0.1044,0.015,0.0017,0.5696,0.0014,0.0012,0.0088,0.0011
09:02:24,09:09:23,0.0371,0.005,0.113,0.1409,0.1035,0.0151,0.0017,0.5712,0.0014,0.0012,0.0088,0.0011
09:03:38,09:09:35,0.0369,0.005,0.1126,0.1413,0.1035,0.015,0.0017,0.5715,0.0014,0.0012,0.0088,0.0011
09:03:38,09:09:46,0.0369,0.005,0.1127,0.1407,0.1038,0.015,0.0017,0.5717,0.0014,0.0012,0.0088,0.0011
09:05:56,09:10:08,0.0384,0.022,0.1194,0.1484,0.108,0.0156,0.0021,0.5326,0.0021,0.0012,0.0091,0.0011
09:07:05,09:11:15,0.0394,0.005,0.1261,0.1695,0.1112,0.0162,0.0021,0.5178,0.0016,0.0012,0.0088,0.0011
09:07:45,09:11:11,0.037,0.005,0.1154,0.1733,0.1064,0.0151,0.0023,0.532,0.0022,0.0012,0.009,0.0011
09:08:37,09:11:37,0.037,0.005,0.1135,0.1944,0.1029,0.015,0.0017,0.518,0.0014,0.0012,0.0088,0.0011
09:08:51,09:11:53,0.0424,0.0074,0.1184,0.1871,0.107,0.0153,0.0019,0.5079,0.0015,0.0012,0.0088,0.0011
09:09:01,09:11:55,0.0462,0.0069,0.1208,0.1474,0.1078,0.016,0.0017,0.5405,0.0014,0.0012,0.009,0.0011
09:09:12,09:12:11,0.0382,0.0052,0.1177,0.1477,0.1078,0.0155,0.0017,0.5537,0.0014,0.0012,0.0088,0.0011
09:09:23,09:12:33,0.039,0.0205,0.1166,0.1418,0.1093,0.0156,0.0017,0.5427,0.0014,0.0012,0.0091,0.0011
09:09:35,09:12:53,0.0454,0.0082,0.1194,0.154,0.1102,0.0162,0.0019,0.5318,0.0016,0.0012,0.009,0.0011
09:09:46,09:12:43,0.0452,0.0065,0.126,0.147,0.1129,0.016,0.0017,0.5322,0.0014,0.0012,0.0088,0.0011
09:10:08,09:13:31,0.0392,0.0199,0.1199,0.1487,0.1084,0.0155,0.0023,0.5326,0.002,0.0012,0.0092,0.0011
09:11:15,09:13:40,0.0444,0.0082,0.1182,0.1537,0.1087,0.016,0.0017,0.5364,0.0014,0.0012,0.009,0.0011
09:11:11,09:13:31,0.0444,0.007,0.1268,0.1466,0.1123,0.0159,0.0017,0.5327,0.0014,0.0012,0.0089,0.0011
09:11:38,09:14:25,0.0406,0.0058,0.1392,0.1555,0.1116,0.016,0.0019,0.5169,0.0014,0.0012,0.0088,0.0011
09:11:53,09:15:09,0.0402,0.0214,0.1248,0.1483,0.1117,0.0167,0.0021,0.5213,0.0021,0.0012,0.0091,0.0011
09:11:55,09:15:26,0.0419,0.0074,0.1218,0.1576,0.1086,0.0154,0.0019,0.5328,0.0015,0.0012,0.0088,0.0011
09:12:11,09:15:34,0.0476,0.007,0.1256,0.1482,0.1069,0.0166,0.0017,0.5337,0.0014,0.0012,0.009,0.0011
09:12:33,09:16:07,0.0401,0.0056,0.1238,0.1492,0.1179,0.0161,0.0017,0.5331,0.0014,0.0012,0.0088,0.0011
09:12:53,09:16:51,0.0399,0.005,0.1261,0.1531,0.1103,0.0166,0.0025,0.5314,0.0018,0.0013,0.0108,0.0012
09:12:43,09:16:59,0.0383,0.006,0.1311,0.1582,0.1043,0.015,0.002,0.5316,0.0014,0.0012,0.0098,0.0011
09:13:31,09:16:50,0.0376,0.005,0.1215,0.1643,0.1038,0.0149,0.0018,0.5316,0.0017,0.0017,0.0146,0.0015
09:13:40,09:17:23,0.0389,0.0099,0.1187,0.1471,0.1106,0.0156,0.0018,0.5427,0.0015,0.0013,0.0106,0.0013
09:13:31,09:18:24,0.0393,0.0175,0.129,0.1461,0.1138,0.016,0.0018,0.5223,0.0023,0.0012,0.0096,0.0011
09:14:25,09:20:09,0.0416,0.0056,0.1274,0.1478,0.1222,0.0169,0.0019,0.5236,0.0015,0.0012,0.0092,0.0011
09:15:09,09:22:49,0.043,0.0054,0.1311,0.1481,0.1232,0.0181,0.0017,0.5163,0.0016,0.0012,0.009,0.0013
09:15:26,09:23:29,0.041341145833333336,0.005425347222222222,0.12608506944444445,0.15364583333333334,0.11512586805555555,0.016927083333333332,0.0018446180555555555,0.5260416666666666,0.0015190972222222222,0.0013020833333333333,0.009548611111111112,0.001193576388888889
